10297313.0,8.00094532263,103.388400336,0.159817745816,0.00835621585506,0.0273813853596,2.97558268134,1.65107956072,11.4047419108
2973894.0,3.90417905038,28.0068163577,-0.0839442600559,0.0105935075039,0.103822041046,2.11787491142,-0.41068252044,nan
1162746.0,3.79144407592,27.6366189713,-0.0323214249345,0.0110198566507,0.0505396191904,2.9105454083,-1.21465261026,10.7358784261
11615498.0,6.08407099952,66.5283577301,0.0829122699299,0.0106896302102,0.0227418735278,3.29404375744,0.565168265124,9.70807115908
2569945.0,3.40182396964,30.5624484533,-0.151202987665,-0.0818903822502,0.236715628131,4.16381332055,-0.148775442747,nan
11824976.0,4.14869829655,36.0982166487,-0.0261097425247,0.0149863197207,0.0467662055006,2.56613459789,0.449795635419,6.62129618304
9656523.0,4.00749335969,33.433202506,-0.0376257134514,0.0160744263784,0.0270298975805,3.12687842904,0.105516091102,9.76414646463
9336090.0,4.03199119276,32.7308893484,-0.0372953699562,0.0187881761566,0.0359556002284,2.87258724789,-1.35600016536,nan
5111949.0,4.80660981396,46.8309995517,-0.0182510131648,0.0152628886511,0.0251261986052,3.05402096565,-0.147982374467,9.99551567008
8872979.0,6.33691922381,74.7902887868,0.0506086151409,0.00869859296086,0.028950456523,3.81391449305,0.462496118016,9.50996533347
9635603.0,2.56883831293,34.8082520959,2.93502202026,-0.0146379907138,1.34261040465,2.95187153125,0.532306111768,nan
11357931.0,4.12394216261,35.3672138794,-0.0307140134807,0.0174077606055,0.0431465811242,2.80540720381,0.0572601338214,9.56953519491
8693018.0,7.29552708042,89.4674396912,0.105469740393,0.00972376319518,0.0235889261908,4.09417997251,0.947550061556,11.1484403691
8937073.0,3.1611278657,24.5597595874,-0.0233057338254,0.0290506448799,0.0551720471597,3.07451965737,-2.57592534541,nan
7949599.0,4.09827022422,33.8751747359,-0.0561875956501,0.0201462822243,0.0269291565492,2.48808110553,0.623921651694,10.6878592379
10936814.0,4.26421626841,37.6633788916,-0.0359871625338,0.012562328408,0.0677623350649,2.52832487872,0.40788409912,nan
7191673.0,3.61769408563,32.1042640945,-0.038885406321,0.0130945635321,0.0390771572178,3.80624380959,-0.27792346119,7.33381089636
4640537.0,4.02940844943,34.3797878688,-0.100286715032,0.0135911833438,0.041296410751,2.26932548982,-5.80556044676,nan
8676927.0,4.56909894049,42.6121872729,0.0163122823195,0.0145568982082,0.030708634545,3.63364727018,0.251817780704,7.70301185972
9909804.0,4.27630681289,36.8085016833,-0.0437434804287,0.0199028462877,0.0405035020934,2.86592717716,0.133788092723,nan
6756908.0,3.46128225439,27.1301212371,-0.0739109950102,0.0176048409294,0.035255473095,3.04589148565,-2.22201741553,8.78708685095
7428418.0,4.15933599441,35.8437429775,-0.0692739504142,0.0185058587125,0.0265056061572,2.70957280554,-3.75712154301,nan
4475934.0,4.35138251667,39.5844440404,-0.0233016424609,0.0162694345319,0.0386397607333,2.56502922444,0.612814741887,9.54435008862
4141815.0,4.58344930233,43.0366999784,-0.0202642799844,0.0119845524222,0.034395586508,3.00738659104,0.563968311985,11.3624987837
9329058.0,4.51601688946,41.175731495,-0.0298750837421,0.0160742038379,0.0324771544804,2.79494951562,-3.20319720314,nan
10613112.0,4.58948220597,46.2800528671,0.0293761743554,0.0103872356306,0.0299606424005,3.74260970612,0.865571876373,10.6128649456
7510604.0,4.15294244271,33.3881822229,-0.0534264085798,0.0256518216741,0.0228842102328,2.49625287891,-0.395311740836,nan
9327993.0,3.94560028462,33.6674638197,-0.0681174381685,0.0175676382052,0.0338276101521,2.52364876445,0.0856558399243,9.96657459884
6429457.0,3.05765693332,23.7297749668,-0.00569644716599,0.00845765894568,0.0533466391639,2.80406694483,0.357377467855,8.77418394935
11904929.0,4.65126526594,43.742868924,0.0165763985614,0.0129439852376,0.0386867208334,3.65091436652,0.363867015238,6.73783725548
11494312.0,4.27871418477,37.9219246414,-0.0363878369172,0.0188107344534,0.0614831632945,2.22633755404,-5.21853698859,nan
11141358.0,3.57541433476,27.4987785646,-0.0929870070216,0.0327980663481,0.0532332766986,2.8980272217,-1.20523212831,nan
4469886.0,5.48962339804,56.9780338066,0.0189771712878,0.0131030807972,0.0242989725435,2.79781616854,0.890346016511,6.54031821367
3660976.0,3.87962936536,39.1174171111,-0.092096483101,0.0136874186848,0.0380486624759,2.52380178728,4.55287941516,11.1643992527
6762022.0,4.40077829143,40.5688055339,-0.0318651687168,0.0128105230934,0.0344829333634,2.81483796057,0.820295998998,4.65544533817
6594505.0,4.11975897977,35.0858914202,-0.076899802484,0.0158920500293,0.0451465503207,2.22715197028,-1.26345559063,nan
6423690.0,4.05673581594,33.5687318199,-0.0303389815217,0.0169120573818,0.0315698403265,3.6524452393,-0.143176546001,12.080984522
10603170.0,4.43158153616,42.0432301287,-0.0785552179816,0.0148252635352,0.0290780051452,3.03286722402,1.10652413862,7.60632950323
11019954.0,4.17532538314,34.5364577464,-0.0540593111782,0.0143071174483,0.028872993461,2.82801005331,0.709432422688,nan
11152753.0,4.56118153559,43.1656749432,-0.0489188367888,0.0173071163761,0.0114922022301,2.58610910507,-1.06879386504,nan
10002647.0,4.23225019164,36.4037656601,-0.00841487932903,0.0147048797386,0.0355734821955,2.5692036019,0.13166817215,10.8564119443
6756648.0,6.71698134445,83.1073929165,0.0425334814465,0.00796225062139,0.0282272923243,3.52668915924,0.764053209128,6.70045763549
9582005.0,3.53132829214,29.9362472882,-0.0619650823058,0.0130796933764,0.0442931570796,2.85164793397,-0.371170880102,nan
5283798.0,5.30490059431,55.6399559515,0.0541673538541,0.0139121405824,0.0308624117912,3.6331770652,0.857828265954,5.71626933774
7741179.0,3.88887451794,26.5515689953,-0.110904796745,0.0155807423894,0.0492887849626,2.66769633104,-1.69037664208,nan
7515516.0,7.69962122839,94.4294824078,0.182020877512,0.00575235903658,0.0308284390895,3.33258203723,1.40687812691,11.3155087897
10602374.0,4.20222329474,38.3517787452,-0.0687290866539,0.011750860509,0.0402988718991,3.25637091274,0.204287073989,5.12356653228
1576469.0,7.39101613968,89.684968577,0.107607370043,0.0110115641586,0.0272835850362,2.6308442933,1.95949809019,7.76516318575
7743176.0,3.70548823936,29.9637280729,-0.0371793564883,0.0127905303492,0.0353567239559,3.07359694406,-0.141814908158,9.7437824685
7273426.0,3.83738148809,30.4742802385,-0.0869741922997,0.0280445796157,0.0469457919302,3.09069824879,-5.84272833634,nan
7351098.0,8.83600427307,115.747897014,0.160187226922,0.00626373307589,0.0189543369592,3.52592507694,1.39971640503,10.3493615884
3736477.0,3.96300253159,28.064868469,-0.104574201184,0.0264262698549,0.0725870754614,2.0729536679,-1.1933033302,nan
10802837.0,5.48250640518,57.1726986294,0.0312629492083,0.0149987482563,0.0308946601193,2.75849295883,0.770595286739,10.8022964065
9283816.0,4.62386878003,43.4464263477,-0.0331965476216,0.0181486220377,0.0414097978317,2.78327498197,-5.05036391456,nan
4755467.0,4.29109095149,36.6667198836,-0.0249507056863,0.0122653434025,0.0402667994516,3.00967169687,-0.530538154433,8.93931110095
9727675.0,6.0359053068,67.5933832147,0.0689434729399,0.0121961243438,0.0285227640131,3.85941507663,0.720130461238,11.6741747906
9028511.0,3.95321742251,29.564295035,-0.0666144589814,0.0270676352978,0.0724777110929,2.55210410029,0.092426502272,nan
11868246.0,3.7469619194,33.4443173823,-0.0694015775174,0.0148344657078,0.0417870217298,2.64903330445,0.792142055909,9.64432278672
4933594.0,4.08669951375,34.5558132035,-0.0387545759627,0.0146685391407,0.039762727115,2.10643652737,-5.45706625986,nan
5689343.0,7.97338281391,98.1079735172,0.146985275681,0.00982213651717,0.0269230864305,1.90695524433,0.463118364815,9.1275075
9882550.0,4.2368003297,36.7803546922,-0.0272178876332,0.0132447652995,0.0448952431,2.64097499744,0.385166526656,9.81272574233
4056266.0,7.44263888432,88.4485899329,0.0268609136025,-0.00910170900276,0.0238410139746,5.9223601491,-2.17385866356,nan
2449703.0,3.94367674373,32.0721352461,-0.0256553509701,0.0145979145466,0.0303403267846,2.92098504597,-1.29091696911,10.0839213964
11614827.0,4.20237679151,34.6352473736,-0.0139158328602,0.0133256786181,0.0340931366436,3.57121052492,-0.62661280428,1.34063992606
7103666.0,4.16527968919,35.9125655791,-0.0822535088821,0.0201969867228,0.0563737341576,1.91368828005,-5.43397099097,nan
9147335.0,4.98866074532,50.0693591714,0.0171269942952,0.0111247764906,0.0328728072839,2.83404972907,0.476416044498,7.5523489722
7189610.0,4.01698298969,35.1060740854,0.00521865562634,0.0182829144951,0.0478207626727,2.57354377597,-5.69086597569,nan
6188215.0,8.72041499692,114.12987001,0.163911465318,0.008052206128,0.0240664766407,3.48707316877,2.38646660313,11.495382844
9641772.0,4.1045512438,35.15231708,-0.0379573590727,0.014983053267,0.0409155048095,2.76146027731,0.384514464071,10.1376536219
10592802.0,4.04336523853,29.0544565006,-0.0977041860966,0.00971968299521,0.0595371139607,2.60922133193,-1.10820527914,nan
6428974.0,4.5302542282,41.4981967605,0.0160387943235,0.0119260182025,0.0293071190908,3.7765278959,-0.636373826861,9.42881149786
6854095.0,3.86891959947,30.7484940337,-0.102643784635,0.0225887042995,0.0477528754945,2.77838270522,0.263394867364,nan
4036300.0,4.3239941353,37.5860207922,-0.00671313445242,0.0140852917658,0.045491715686,2.87525116721,-0.211584407288,8.84184565878
11037290.0,4.40972445018,43.4709652099,0.00853213566689,0.00952823640391,0.0378835935435,3.26369173598,0.621327012692,10.8232943969
10653383.0,4.41893054424,40.4391556366,-0.0500015877565,0.0202000094861,0.0644071282108,1.62159580343,-2.90780452355,nan
4633907.0,3.80529465005,29.763357129,-0.0374347728571,0.0201598841337,0.0435300375295,2.47120951342,-2.67403321727,nan
11234625.0,4.12860529981,33.6089148816,-0.0179589035751,0.0104212823163,0.0400568874041,3.30444701197,-0.343481433863,11.1241050691
6680386.0,3.81510361825,29.3351269671,-0.0552083375332,0.0183555343277,0.0394448397751,3.44160218619,-0.282328603387,nan
12121377.0,4.55080872979,43.306161411,-0.0299371322625,0.0151496934393,0.0326258059214,2.69889045139,1.51368917406,11.4872314031
3631402.0,4.82170795644,46.9640522287,0.00973441767748,0.0126405985297,0.0414448179285,1.48948746683,1.13423912961,9.93026164582
6755830.0,4.43873539496,41.5421621684,-0.0119942526428,0.0138740114502,0.0321960748318,3.48419190876,0.214433917681,10.0300641642
10910802.0,3.04495392809,22.8564639921,-0.116498921276,0.0218552315881,0.0490474418481,2.84862386691,-0.0370548611302,nan
9705687.0,6.59926583515,75.2270090493,0.107876072269,0.00781135474961,0.0318787056099,3.70398116663,0.588524892788,11.2670753576
1726211.0,3.72933876991,30.772087914,-0.0646975923453,0.0146749540111,0.0307483064615,3.25020523024,0.449856408558,12.1428911729
1720425.0,3.64494377503,27.60050094,-0.0261568656701,0.0288642035532,0.0495673080957,2.44926387201,-0.106583670137,nan
5598789.0,5.43283276802,57.1613762167,0.0245524688255,0.0122434712444,0.0341591277054,2.75776556388,1.33949877391,6.56928347997
3453419.0,4.61744044213,44.7672373635,0.0101281473901,0.0130186352596,0.0330821663059,3.36291176989,0.448942126301,10.9368935834
9775927.0,8.46439646118,107.829836288,0.131546834946,0.00920076156632,0.0186820050598,3.53626819819,1.86681632426,11.0046049031
6192043.0,8.47713226404,112.18467954,0.130036984895,0.00785965975192,0.0207053864954,3.29508278059,2.02474950525,12.3510333707
10590683.0,3.66652843431,27.1764142071,-0.144624155956,0.0295467042833,0.0311034300262,2.17164861248,-0.70307727052,nan
10816214.0,4.79127406173,46.0679084632,-0.0372601038368,0.015142843944,0.0305201442601,2.9244968199,0.51649111934,8.75377084009
7949258.0,4.03265286128,33.9893857565,-0.011865568916,0.018972190084,0.0310440448469,3.1416345117,0.522833295375,8.22948975925
9724882.0,4.26644049893,37.1759874232,-0.0305228231195,0.0096308920078,0.038357648861,2.65681929806,0.487176664452,10.6132283873
9702057.0,3.52436926547,27.5368735119,-0.0977796559309,0.0407728427691,0.0591260421243,3.18292799343,0.634603654133,nan
9843358.0,3.99834902426,31.3187963959,-0.115015978982,0.0279163038653,0.0650178230988,2.76534843915,0.781674626005,nan
11444313.0,3.97187385713,33.4150721991,-0.0426415597539,0.0141890503048,0.0360543654801,2.84295707233,0.0919632515471,10.4044503102
11287679.0,4.60055780657,45.5864472944,-0.0252576945203,0.0122969584814,0.0356550061852,2.89886253418,0.312753771266,10.8049935819
4546625.0,4.09629469145,33.8418908545,-0.0307889012486,0.0147914842723,0.0331102309525,3.07293244813,0.317568648915,10.7415545248
9451434.0,3.57855471721,27.294065311,-0.0572788636966,0.0300656740053,0.0511188511385,2.5196726,-1.1125180994,nan
3560181.0,3.84217543265,32.4657749806,-0.0524737911457,0.0152621918677,0.0261933783096,3.97447365662,0.206935019023,11.7955282261
10907196.0,4.63507364493,44.3752591596,-0.0319730058615,0.0126180450905,0.0317229454204,2.94431084335,0.366894393727,10.4985548299
9406415.0,5.18017005449,57.6883279206,0.0382021718209,0.00960712755715,0.0311124525624,3.26934282869,0.931884320572,11.1903228865
10809457.0,4.30922273799,36.8000469788,-0.0282165648885,0.0126744964986,0.0401393352835,3.21710057251,0.253603992795,10.7948279858
9957219.0,4.21022804609,35.6719846684,-0.012495516841,0.0138625308431,0.0337313971727,2.90075693804,0.51496361341,10.5565152112
10268744.0,3.74154964871,32.3134494635,-0.0723755864372,0.018286006079,0.0399819458126,2.62003360167,0.624696032208,9.77693400935
10964584.0,4.04727192867,30.7695325974,-0.0705665843818,0.0330399704697,0.0342804922617,2.82169283928,-1.79395447628,nan
10879372.0,3.7497625421,31.6558767115,-0.0948271623784,0.0226898168161,0.0526655165862,2.91395126704,-1.54444994596,nan
10598558.0,4.5434080525,43.2095616551,-0.0144466875283,0.0160564378669,0.0293621718448,3.22934219435,0.334303740839,9.61154409438
11653073.0,4.24833987453,37.9504545549,-0.0505490799837,0.0130538355634,0.0367712601272,2.79108404082,0.495897195226,9.10688991807
11199783.0,4.69723386477,45.6947671764,-0.00315298234699,0.0132049098556,0.0336871777939,3.02679556995,0.963907350381,10.4465203264
8962923.0,6.88761872119,80.853524914,0.0673121762872,0.0103004480365,0.0316293609223,3.06143169062,1.74810111775,9.89696491566
12121656.0,4.3689644614,37.7886774747,-0.0524178711241,0.0108452628766,0.0399925273464,2.5549833305,0.450510558247,10.3897339882
11028575.0,4.25017698213,36.6270098805,-0.0674252583997,0.0172369213098,0.0384334910232,2.50459382624,0.578297681402,9.97090000924
9351186.0,3.82658916775,33.2661918572,-0.00562159723707,0.0114503060027,0.0540935304059,2.94253369879,-0.119536869382,nan
9406596.0,4.00053671327,33.416052541,-0.0374998961592,0.0171656680858,0.0394585842938,2.70819955246,-0.510461909411,9.55790292726
10468528.0,3.6875290137,27.0576138098,-0.0458397052941,0.0155209532282,0.0440126404682,2.57340723385,-0.708466047589,9.78238072112
11289128.0,4.2099875424,29.6353661322,-0.214599799419,0.01949942311,0.0477616212484,2.49252286387,-0.939510132278,nan
11401466.0,4.11597670745,35.0710136774,-0.0641825493687,0.0190295064921,0.0311074146101,2.71494935287,0.33665815704,9.12315445789
9785675.0,3.48447799749,24.0217673708,-0.143353046163,0.0238648605461,0.0553472931166,2.80233746336,-1.43163721367,nan
11615224.0,4.02570230687,30.0564315503,-0.060334773475,0.0199837980489,0.0489640460399,2.55257855891,-0.270201342282,5.4045103019
9353187.0,6.73293170289,78.6676481386,0.0786458389966,0.00935973409359,0.0236353541266,3.36349329714,1.37193217483,10.4285826991
2297825.0,3.77915087238,30.6048051582,-0.0808202741765,0.0214086417615,0.0502757827358,2.71098797054,-5.16605716916,nan
9818513.0,3.802236008,32.1263306244,-0.0557074621312,0.0172559088632,0.0504357230531,3.34179553746,-3.01982271257,nan
11295851.0,7.49837576325,95.0450770639,0.095535675101,0.00822360123879,0.0269872674004,3.88013622537,0.924689345256,12.2639007486
9711492.0,5.04948065292,50.6815422241,0.0388904144142,0.00784696342838,0.0363691715964,2.68225114834,0.789109060026,10.448053467
5858034.0,4.37839055223,38.276737663,0.0309868009002,0.0112710751991,0.037672142985,2.67559938047,0.17024223193,8.93476434001
8284682.0,3.54648011938,29.7717318827,-0.0799126901179,0.0189301508915,0.0221624775686,2.39797535761,0.0030459990858,nan
10229796.0,4.91646373304,48.8253784887,0.00306994057989,0.0124440593451,0.0357134003537,2.90806816366,0.616196279345,10.5442043791
11145563.0,3.84945404781,29.2400452062,-0.00600191709271,0.036695490751,0.0225735038485,2.79664101165,-3.55424132929,nan
3102479.0,4.26838732445,38.8012010003,-0.0419136855511,0.0130557217343,0.0676775312367,1.89842493632,-3.62500925072,nan
11414700.0,4.26081075236,36.9371581461,-0.0077485295454,0.0108435051955,0.0387295939888,3.30552639133,-0.372955668185,8.08912198217
10469976.0,4.79422037801,50.8941048872,0.0190915380622,0.00843059017558,0.0361774782918,3.38794054411,0.335890695424,5.03476162561
9591097.0,4.07980050641,34.1058312124,-0.0499758521128,0.0164185730041,0.0240494131266,2.35020649164,-5.3107515645,nan
9025882.0,4.09762372958,34.4916703076,-0.0399859968624,0.0138474584355,0.037148963385,3.10423115642,-0.0406849202585,10.3350503275
6756579.0,3.97827783818,38.8494278195,-0.0753091545257,0.0168355770619,0.0120309193199,2.74767063852,-1.09926833652,nan
2554924.0,3.98487490999,34.5329969787,-0.0658001723498,0.0132043233196,0.0486854485493,2.15193207026,-5.43425651837,nan
11649294.0,4.10143401395,33.576978766,-0.0182459434416,0.013848964543,0.0320419493138,2.67371176593,1.33024040016,10.2732021768
11820688.0,4.13258544379,38.7342313042,-0.030023930478,0.0138169675881,0.0358458331083,3.67795939102,0.734694145296,8.45717416208
9851743.0,4.66304038932,44.1629049427,0.0145502025828,0.0131188784684,0.0335728965215,3.11834931005,0.647218509469,10.2601849633
11305250.0,7.50784106729,94.0650748148,0.0837052822522,0.00940082627864,0.0218694864422,3.79107877466,1.57623249955,9.41491624264
10005422.0,3.88640839795,27.5423433994,-0.134862543019,0.0234105114166,-0.000849175082849,2.43603875562,-2.65893694365,nan
9605294.0,3.88446645919,29.7220125966,-0.109530751398,0.0250056504368,0.0854070275927,2.35855026544,-2.35398239845,nan
11823838.0,4.46190524962,41.8295426158,-0.0184985198386,0.0142987747935,0.0379815152529,3.28919420868,0.572049766636,8.69252456208
11359175.0,4.16998529533,34.4546282365,-0.0099320042124,0.0147992979104,0.0330916256966,3.00970266641,-0.398008332176,9.77222571682
11403437.0,4.12518087279,33.7760927646,-0.0251853678045,0.0167351961044,0.0288806823702,3.14200695198,0.0508147771306,9.26595615916
11855110.0,4.36207780235,38.0009754767,-0.0123275882107,0.0159428041937,0.0343776480288,2.59353630068,-0.0648412040673,9.64166200176
4042951.0,4.15472439178,31.6481683137,-0.0687950566186,0.0176213147346,0.0332920977025,3.11987663394,-0.587418374916,9.05766122507
9712888.0,3.99090180174,32.8388036571,-0.0692489943119,0.0237754786555,0.0312265979117,3.64826087565,-5.95494559212,nan
3101090.0,3.87220590681,31.9664938447,-0.0355033538166,0.0167433409839,0.0272188440673,3.58952474879,-1.13564811245,10.6568480375
9641484.0,4.0720158101,35.2368151173,-0.0356725548287,0.0150249208158,0.0427484377712,3.07391675122,-0.514463656553,9.29483551996
9846877.0,4.24823827163,36.9257734902,-0.00734430967555,0.0142587675314,0.0427197814837,2.33398725381,0.432430619578,9.68038561869
10426854.0,4.3752834673,39.6211312286,-0.081138253864,0.00157378395046,0.0379646279329,2.65621183926,-2.4683940691,nan
8759811.0,5.13813213351,53.1654621353,0.0185678786789,0.00900380851798,0.0303603095275,3.1025024132,1.24773407322,9.34207369199
10280586.0,3.80530408736,30.8964837096,0.0221892810832,0.0292824445154,0.0185007403833,2.72631317377,-0.648870578623,nan
9821783.0,4.10956470405,34.823761981,-0.049213502963,0.0146213945834,0.0373445806243,2.42063784852,0.0339812583784,10.3171803236
11871882.0,4.21737603613,34.401541137,-0.0187613806497,0.0154094578419,0.0322608977436,2.31793624442,-0.181128699731,10.2678517748
11953581.0,4.18348376674,36.9787867513,0.0083910054643,0.0198762896328,0.0501972526037,3.40448756516,-5.66098531365,nan
12003742.0,5.44656502006,60.3635756013,0.064656290621,0.00974233748744,0.0354844524336,3.05109427515,0.0350515618757,1.43959781207
10962775.0,4.1396163393,35.2081520559,-0.0635800768304,0.0180234219814,0.0412497507614,2.58053556289,0.592693595664,nan
9472481.0,5.51737591746,60.0180629761,0.0204293825177,0.0120232409299,0.0257305671874,3.38952555824,1.12716157148,9.77058203043
9881628.0,3.79937771621,27.1147974346,-0.0324145048064,0.0151469011526,0.0463576933234,2.68673420239,-0.952195774341,10.1435940006
8890410.0,5.41409373004,61.5638269772,0.00980218622854,0.00810636898658,0.0277105438611,4.05519697418,0.0620855167122,11.1557022602
11252233.0,3.72581663236,31.4925394451,-0.133619285821,0.0235352308802,0.0315379169717,2.86683924672,-3.31978052357,nan
11308660.0,4.25970581961,36.1769374267,-0.067515303963,0.0162114180678,0.0322217561813,2.66782509752,0.25754288736,10.0572517971
8804395.0,3.15500318295,24.9287664549,-0.177641028591,0.0283606996316,0.0499245466152,2.66724763236,-4.66605766848,nan
11018922.0,3.17694659679,33.1922120969,0.0444916823852,0.0193134730165,1.78140867658,3.4013804318,-2.77218484874,nan
9202995.0,3.83791934684,28.7874559897,-0.0589051946931,0.0158241656142,0.0487330251378,2.64052815413,-0.109015770626,9.28893575682
5104949.0,3.03637511571,22.6069059485,-0.133327960995,0.0288364245621,0.0613450669205,2.63179342893,0.323184546436,nan
2438051.0,3.65779016603,30.2183424736,-0.0769812642863,0.0201390323016,0.0327695551172,2.99817959598,-1.3055929383,10.5062898224
8759207.0,7.05480098395,81.0149089455,0.101359668627,0.00760376236239,0.0277024710223,3.29772588379,0.740917170556,4.11996611304
11337714.0,4.2234931574,38.6485175299,-0.0081929845194,0.0150731435919,0.0405015526562,3.06302667596,0.16147656981,9.73517342659
11135286.0,4.1023600947,36.9514363928,-0.0489000903183,0.0174969805243,0.0400130179488,2.35381784011,1.24378892583,8.44477880501
3530823.0,4.6640456425,44.5641260539,-0.0698513496466,0.0178598654247,0.0343412502243,2.73788059106,1.4667258588,11.715065705
9408590.0,4.56337431074,44.9564141042,-0.0197745940423,0.00908453448329,0.0378513466313,3.03785165256,0.746703989608,7.68380183238
10614707.0,4.18835230243,35.4638255779,-0.0401158286197,0.0270893208243,0.0216898109829,2.54048376342,-2.05832899647,nan
10147072.0,6.16345213372,68.0441575531,0.0978136178902,0.0128888727107,0.0263607762234,3.06160963647,0.506088798866,8.96741853198
10991398.0,4.06733146845,32.6210718931,-0.016809531526,0.0130326137739,0.0375845340622,3.04123386144,0.0248578651359,10.5393201843
2436417.0,3.38472137759,27.042459483,-0.0697388340817,0.0209067200875,0.0581853319313,1.96916663357,-2.11496145117,nan
11868264.0,4.13079763913,33.1710097158,-0.0360969842869,0.0128516259887,0.0329267916842,2.99181583822,-0.648138692906,10.5657064076
7592356.0,3.96601258643,30.2772453366,-0.0940991497665,0.0209083482061,0.0303301652436,2.44383943878,-3.69121603114,nan
11413158.0,4.98705760034,56.9590063808,-0.00805163277816,0.00855785048852,0.0212183465735,3.68085482467,1.82407165905,10.3641363307
9574730.0,4.82856846178,47.8599834825,0.0072107517716,0.0104750934301,0.032964330329,2.68789503216,1.02423140509,9.99649227538
10474071.0,7.49611324683,92.4269027334,0.0988606759638,0.00830320886687,0.0228138340792,3.34262013328,1.17427147512,8.1202413597
9835790.0,5.74549811876,61.739397223,0.0399804364047,0.01172517534,0.0310196505393,3.2524227457,1.17546808954,8.84031325547
7018252.0,3.5146611348,27.2593000042,-0.0342782771242,0.0300755429108,0.0420350570467,3.21952883147,-1.32920692267,nan
4346319.0,4.5839709301,46.1983386609,-0.0314440075206,0.00959577630095,0.033164757387,2.86681421601,1.65694378567,5.31018657246
11191557.0,6.2536611936,70.438381197,0.0562824299605,0.00928369258927,0.0264048785853,2.91956578643,1.33045158321,8.01364401887
8676094.0,3.56069869497,28.3618684372,-0.121906481977,0.0235330876404,0.0440887845262,2.73702285872,-3.31911252341,nan
6345474.0,4.05265809497,33.3588743447,-0.0143680466652,0.0162523258836,0.0399311136161,3.28374028862,-0.221226854686,4.90674010662
5112467.0,4.75239989238,46.6250447796,-0.0315402409101,0.0108590780445,0.0329062340022,3.24685225755,0.30935008204,10.8919464125
7593843.0,4.03456576095,32.5714774838,-0.0745026918173,0.0200623777687,0.0308755248002,2.93021538602,0.854870472476,9.533365774
11669622.0,4.0085744548,33.5312570695,-0.0217498693022,0.0137377081643,0.0387928423365,2.5597866621,-0.0307868247368,10.4346912874
10482001.0,5.02585514508,55.1759145098,0.0286360789182,0.00942146965694,0.0311181431071,3.41392658069,0.679998889319,6.62285976849
11953849.0,4.23447864501,36.0137156783,-0.00129057733052,0.010174862639,0.0390742500175,2.97056234134,-0.155558849196,10.8889983335
3217051.0,4.21646718372,36.8316890167,-0.059511635888,0.016872699656,0.035674491449,2.82132708531,0.180537406508,8.99356666658
2437353.0,3.79481808508,31.7266522743,-0.0769961443392,0.0136928458869,0.044672213615,2.63674472626,-5.75760528451,nan
8016118.0,7.14823443722,83.3269452516,0.0969464462147,0.00889355154667,0.0348371363207,1.44288855691,5.80585309915,2.46938859942
8611114.0,4.20174313411,33.7529363981,-0.0201867164613,0.0160589923395,0.0351464529844,2.9323492947,0.253166044284,9.22079584255
9412408.0,4.21321742656,34.2983098128,-0.0281679152906,0.0153104789866,0.0325351367257,2.75043519121,-0.492301202793,9.99691545606
11146152.0,3.54036189996,31.8289665719,-0.0269219430086,0.021769360289,0.0428776170426,2.97756599588,-1.10609538587,nan
3231503.0,4.26825845045,42.0750821418,-0.0379820985426,0.0163821168873,0.0308116938451,3.19724608982,0.531558934697,12.1387076145
6192431.0,4.06468089976,34.8791465397,-0.089410336237,0.0178807619773,0.0227171641847,3.23235108248,-2.15039952468,nan
5517442.0,3.97099054852,36.0690288983,-0.0371541676285,0.0137238705085,0.0320212081777,2.78554406849,0.623698139872,10.0464240121
4136374.0,5.07723741797,50.8044988921,0.00493084380978,0.0139619407883,0.0272069885404,2.79147445796,0.516079508838,9.17610810868
10402819.0,5.28534731295,55.4001061122,0.0141265322885,0.0113483557936,0.0302191386733,2.99853034427,1.10187544251,10.1608622477
3634720.0,3.90519038821,36.9852974774,-0.0277770196289,0.0112702581959,0.0316550027253,3.71242445788,-1.19740380605,10.0899676662
9350701.0,5.62655408735,60.0282079331,0.0558162388748,0.0102114643548,0.03175291342,3.0285324472,0.920952290438,10.8666717262
11805792.0,4.08891043382,35.6272741225,0.0063779889007,0.00840528741494,0.0405656990705,2.86878166739,-4.27577198031,nan
2714397.0,4.1495016648,32.2946262062,-0.0514311017681,0.0143094756318,0.0324723330401,3.45714201905,-0.766530108846,7.70868060251
4445711.0,4.29230141025,35.9799285958,-0.0446891235891,0.0177490970786,0.0345146005623,2.52876015665,-5.70510388773,nan
12365293.0,7.53876395187,93.6616368477,0.11328847672,0.00868649185907,0.0192554468058,4.1096716089,0.574890953204,7.30208391941
11244855.0,4.25913435477,36.8392158895,-0.0592428299668,0.0168058252706,0.0348914549799,2.62861702406,0.38890449766,9.85093511045
9029195.0,4.50121631864,41.5656310699,-0.0123339648237,0.0130640975634,0.0341407797652,3.31854504977,-0.0789112055714,9.16481953891
9396363.0,4.57272432516,43.1224953298,0.0181457226937,0.0142151438928,0.0310953575488,3.28770195212,0.688643366352,9.93309925249
11512096.0,4.02249539403,30.7356943976,-0.127875304905,0.0210356220346,0.044353020639,2.48272435244,-0.555009253532,nan
12114999.0,4.37964300523,39.7434891874,-0.0641616842962,0.0160741261177,0.0375594637988,2.54280743018,0.866318034136,7.18148336755
5083936.0,4.18936262712,34.2762542392,-0.0143435667445,0.0109299249298,0.0368785993602,2.78993610317,-0.0392695802525,11.1579720904
10792949.0,4.60712807377,45.0833223192,-0.0247420656995,0.0127278855824,0.0344791358031,3.24341206391,6.13478133897,8.67476280843
11200573.0,4.01056232618,33.1068185396,-0.0272086311822,0.0148465809594,0.0398763865046,2.89279762535,0.473588130265,10.7464457913
9283918.0,4.84501442128,52.521117927,0.0211291834524,0.0120360718665,0.0294840598471,3.36754996553,0.771045257026,11.1702163298
9292408.0,3.47513685216,27.7188272342,-0.122604424525,0.0264677023976,0.0318097179565,3.34686562891,-0.73153614339,nan
4244973.0,4.71197460401,51.9782477063,0.0425830910919,0.0100333032563,0.0328904693673,2.70194612327,1.54656229015,10.674342737
9597214.0,4.56299376422,43.0842481994,0.0209440933309,0.0130953888131,0.0317269698391,3.54713711093,0.298902493951,11.8468379085
5770923.0,6.97683252886,81.3156933477,0.129336194159,0.00990378087152,0.0440249099601,2.21279989465,3.74874981753,12.3707705165
9714063.0,4.53448171883,42.771630927,-0.0298339851277,0.0130458635099,0.0372195233285,2.80519983347,0.905989881608,11.3992772244
10207059.0,7.31229870838,85.4517586447,0.135651270167,0.00770255650471,0.0226174771909,3.1885519999,1.23185183946,7.96588308469
9881167.0,3.85882720093,32.0981162236,-0.0154621769847,0.0107996745854,0.0390437608879,2.96365708177,-0.677307057028,10.2086875202
12121207.0,3.60565981275,27.286281015,-0.0780719490317,0.0140791201866,0.0442158512323,2.74514146662,0.0675571419566,10.2684692126
10093930.0,4.00771369628,32.9683873615,-0.0469428802984,0.0208492353865,0.0246258414624,3.12247677238,-3.06585129296,nan
11252706.0,4.50586129415,41.9492251822,0.00106393858899,0.0150553680845,0.0335083482892,3.49889548884,0.348256346725,6.07996757068
4575645.0,4.40791615179,40.7697540424,-0.012371879834,0.0151448561181,0.0306152067259,2.63234139902,-0.436152784168,9.7366749935
2303367.0,4.05038370814,33.8223151748,-0.0628243054231,0.014079125714,0.034023240296,3.39873400812,0.247389861006,10.62705574
10290457.0,3.8723211133,30.7373670065,-0.0196538139144,0.0282682842709,0.0935292434038,2.49473725422,-4.4562933264,nan
10817660.0,4.71663150723,48.7129964128,0.00850763825213,0.0129250708729,0.0313261381467,2.47780933243,-1.41846666174,10.4766842239
9409513.0,5.96289158096,70.9658560511,0.024659699787,0.0100486714964,0.027088324437,3.5072441664,1.66138351472,8.82311247201
5024043.0,5.595940699,55.7397044665,0.0924769588541,0.0131681830306,0.0246733694979,2.33638679355,1.93521166662,10.1009520082
6264398.0,3.95603423675,30.6018647039,-0.0879931558758,0.0224684515813,0.0754753002026,1.86816641633,-4.76231932713,nan
7948086.0,4.48077125436,42.5576729271,0.0123883203964,0.0108948385533,0.0274015776563,3.46903663575,0.0101180839248,10.7216698344
9080445.0,4.38879915592,38.8952279584,-0.0276789333813,0.0124853276758,0.0401855713155,2.60682152121,0.310629106382,8.96941466989
11819760.0,3.62384056578,29.7622478389,-0.0360439267578,0.0116061834131,0.0408098777296,2.68345764852,-0.69320511996,10.602870279
9790050.0,5.29615077041,55.8360557791,0.0333446489669,0.00920469781524,0.032798681486,2.9123128755,1.34639813502,7.82491241982
10667886.0,4.08501872595,34.6097191404,-0.0679712291257,0.0160091565792,0.0309841039947,2.82219590779,0.155831361205,10.0138921147
11468340.0,4.52170187473,41.3392047746,-0.00368233427541,0.0125100747318,0.0294833217616,2.90031915862,0.770472109842,9.18674621532
11567572.0,5.22637132658,56.3759515929,-0.00752392965646,0.0162392331442,0.0307584552732,3.96913927155,0.851793308611,7.56944253877
11085809.0,4.21422545791,36.0529758476,-0.0128584450721,0.0153492587537,0.0384364802263,2.37340617366,-0.0218322954868,9.84044235849
5257167.0,4.14325697213,28.927938378,-0.139418039609,0.0174256213343,0.0402346631211,2.71390377718,-1.48574210312,nan
6940048.0,4.00180559585,31.3082103929,-0.0512621586923,0.0218157228049,0.0575471923977,3.00699004338,0.128221513067,nan
9025029.0,4.43013663929,40.3982512174,-0.0463928102028,0.0158738417832,0.0376552293704,2.75890223724,0.700876519098,7.79748910559
11129945.0,4.82210834394,49.8206618977,0.0147688925201,0.0150264659752,0.0261370034679,2.78308696412,-4.08214333446,nan
6508943.0,4.02687860441,34.2885881718,-0.0438647189773,0.0147717670097,0.0375705044502,2.84347690842,0.103518363809,8.76138184943
11673900.0,4.59582886662,43.6540035638,-0.0135727541948,0.0197832314167,0.033870817938,3.56023864084,-5.19535254795,nan
11394905.0,4.39007066842,38.5325609739,-0.046305988391,0.0114674856912,0.0414589724977,2.92262319056,-0.0878060581942,10.1837259504
6103934.0,8.3852322734,100.434729315,0.167070284176,0.0089789034755,0.0164542530455,3.13167704855,2.04415377788,10.3237982119
10604255.0,3.80068293466,29.5108086,-0.0329084227487,0.0181374919927,0.0670659004815,2.52855886663,-5.73939146354,nan
12070114.0,4.2586775672,39.2082430299,-0.0088165151129,0.011163178428,0.0429072147106,2.5499045504,0.605399371493,9.01645005554
10282002.0,3.66263090437,30.3547475322,-0.106170429224,0.0210094199074,0.0381325959476,2.81281530455,0.252890973264,nan
11509277.0,4.5749099569,45.2561857688,-0.0218359388447,0.0139485962049,0.035264623526,2.98927531605,0.532935795584,10.2553988843
10735926.0,4.19659563285,35.1647178461,0.00241790710545,0.00792761484019,0.0387486547058,3.00431974379,-0.107602136262,11.6953337959
9520156.0,4.38954288505,31.100210006,-0.0727973448845,0.00868155428173,0.0233490302991,2.65107426537,-1.99450948337,nan
11455176.0,4.1874238265,35.8676213063,-0.0292324108908,0.0124712716549,0.0355561191091,2.72485262777,0.428249345991,10.7036176621
9893889.0,3.81483555948,29.6992624573,-0.097683608073,0.0196390109899,0.104264866901,1.59425861118,-3.91531852247,nan
11462972.0,4.46362740729,42.7455579738,-0.0213642852139,0.00955569580797,0.0304320559853,4.14665490362,0.107263774897,9.97734373797
6678428.0,4.18680052858,34.5454633699,-0.0880798365884,0.0239073317741,0.0396252305753,2.62594982147,-0.0576562543977,nan
4569298.0,4.10825386424,36.9317123118,-0.0237624486824,0.0151702175064,0.0403941746636,2.99416006012,1.00053723588,1.93608279675
9942816.0,4.47052119119,40.4896460363,0.00529608540347,0.0176268299695,0.036553299702,2.36335418026,0.93833662847,4.41557385996
9034557.0,4.32749583743,41.8545568189,0.000863078095875,0.00324397335178,0.0326040700686,3.96870965644,-0.531461714144,8.00243436995
6677653.0,6.00926440467,71.8109716314,0.0488922801574,0.00952057571738,0.0304496080636,3.16735792846,1.06747866861,12.7910058481
5084662.0,4.52481546057,41.0051512514,0.0024502660291,0.015308049897,0.0359156491398,2.638004238,0.453882377801,9.56573475366
8759746.0,4.72274095499,45.4527493367,-0.00879693947085,0.012569982674,0.0290721093806,3.03616220339,0.808697982643,8.35709027787
5602545.0,4.24073022034,36.7754312815,-0.0938848184722,0.00390798028477,0.0699603016724,2.31447154017,0.16352576398,nan
8822878.0,4.06307338119,35.899540236,-0.0752523950648,0.00978082236874,0.0778519015737,2.33501142805,0.263938369944,nan
8479780.0,4.38335469596,39.977804002,-0.00459806912101,0.0143314122834,0.0378805266933,2.62629421526,0.451268283732,10.4857410738
10724027.0,3.9626866583,31.1839321306,-0.0584394157856,0.0209639207182,0.0321978102534,2.40079910179,-4.63811622418,nan
11617622.0,3.88700329577,32.2795079753,-0.0607541816211,0.0166791690951,0.0378430018618,2.75822713059,0.245352095008,10.2927848275
11600208.0,4.05818280762,30.025736231,-0.0791907747728,0.00942269630394,0.0670693276899,2.72640595683,-1.84608064675,nan
11674692.0,6.97017068624,82.1431823605,0.121257378427,0.00793458874278,0.0216921497635,3.15160786025,0.822471647724,7.78578061309
3526625.0,4.13294812702,35.1779203172,-0.0394096022998,0.0180234755674,0.0322574696564,2.46159112392,0.304778197436,10.7974834825
9077844.0,4.70734229527,47.444586044,-0.00788315742136,0.0103234754487,0.0315195447513,2.95840955837,0.725524959751,8.90535570731
9780183.0,3.7168208074,29.8718816543,-0.0198664046236,0.0146820804219,0.101645645197,2.67621662674,-1.70253196166,nan
9346602.0,5.11362348169,56.0227002093,0.0409557998856,0.0141899394976,0.0252337541807,3.77305433911,0.298816111757,12.4755282679
7807614.0,3.82379387065,32.059777368,-0.0439611456147,0.0130014038557,0.032059824102,3.34464550308,0.0537246887466,10.8866064851
10353044.0,4.09696252346,33.48732687,-0.0341037245695,0.0149208549758,0.0361860926032,2.82249618098,0.0573335167824,10.4724000005
2285898.0,3.82041485155,24.6425863621,-0.175501526391,0.0162607634456,0.0412742017076,2.86694045297,0.235365042172,nan
10148026.0,6.36970505226,71.7423711365,0.110576995438,0.00820755693117,0.0320372598508,2.89921129863,1.26677656535,6.67623224541
3425675.0,4.03895310293,32.190096824,-0.0508135507523,0.01523405663,0.0286674336138,3.41380328407,1.27639850931,10.3051759568
6850417.0,4.14185761222,36.3477982107,-0.0672713715013,0.0140831352796,0.0312978068597,2.46368485926,0.487610959365,10.6124561194
11954278.0,4.16075634985,34.8690499628,-0.0542687014651,0.00789197196837,0.0536580818382,4.22840327822,-2.18296949723,nan
9667930.0,6.17386356129,68.9105351701,0.0676662768718,0.0131149488266,0.0231720140449,3.86543256049,1.40454428901,6.67207567436
5282875.0,4.72544261166,45.7815019058,-0.0152138206764,0.016365750764,0.0338807874528,2.8793024873,0.415519197304,12.4949246819
3326790.0,3.56509104647,25.6632277535,-0.118611551707,0.020348948402,0.0559938407623,2.20744334394,-1.02587299583,nan
11463411.0,4.62711800711,51.0824238965,0.0122710372417,0.011396529273,0.0429431936555,2.96121149974,0.166045132386,12.7439280549
10006852.0,6.73530609754,77.4055983424,0.0734682560851,0.0109078282433,0.0233225572704,3.22380531079,0.708146496504,7.48511678033
2996112.0,3.95561749078,32.576977665,-0.140808661736,0.032083396873,0.0178810060177,2.69993697828,-1.99541375338,nan
4814198.0,4.84206746302,49.8278040419,0.0521678308402,0.00433016290617,0.0300373865607,3.79109938389,0.140891295023,9.74155980525
11298371.0,4.17913531136,35.7945403431,-0.0782444248253,0.00837759352529,0.0285219655704,2.80311187151,-0.485656531848,nan
3323943.0,4.00598050283,32.6513201283,-0.0261549618404,0.0173347547456,0.0283835376158,3.14404523225,-2.31792413756,10.6946922559
9333184.0,4.01861292392,32.399459431,-0.0301403600479,0.0210983643781,0.0522328586563,2.70578929044,-4.52670316678,nan
10600926.0,3.91584761477,29.3411921398,-0.0712288844241,0.0217304050669,0.0431929833252,2.52846197839,-0.262132156989,7.39592927441
8941202.0,4.01551142365,33.8070109394,-0.0129489024232,0.0138495879391,0.0423227012023,2.59218051504,-0.201780461882,10.3598869197
11519991.0,8.22631600084,100.751525365,0.142366961029,0.00721017415785,0.0210646267503,3.4413791123,1.69350164758,10.2479409526
9008270.0,3.98948943701,34.282527304,-0.0708317980819,0.0196203460229,0.0290829068188,2.4204986502,-1.42536991557,nan
11351140.0,4.04484840478,30.4107147738,0.0136778792151,0.011269727627,0.0321388971001,2.89754156955,0.465780108779,8.57464166388
10018973.0,3.91848176671,31.9027340875,-0.0592921402409,0.0207811033161,0.0496305464493,1.90370124289,-1.2583043201,nan
9767332.0,8.5808666815,111.744114993,0.135844866601,0.00721238868825,0.0184119577291,3.30679866465,1.78341605635,11.1556607165
9282363.0,3.73854317495,29.1993553349,-0.129444118497,0.0310806871374,0.0394039155374,2.82439169471,-0.884494881547,nan
11090395.0,4.27403986177,36.71497506,-0.028823675721,0.0149958188777,0.0444498305507,2.64286111359,5.96729558548,8.70087800096
11465784.0,4.20859851817,34.9284002079,-0.0129497225661,0.00549029176679,0.0391666245868,3.27529948255,-0.452702331903,10.1040997631
10196797.0,3.94911310329,30.4611418848,-0.0743087856824,0.0301615348811,0.0582406836282,2.68908465758,-5.63976131736,nan
10991271.0,6.40767436071,76.0882720462,0.0430110318565,0.010218952295,0.0257175972323,3.48309157454,4.82549162586,5.17098128595
5112974.0,4.31425719612,40.3572662043,-0.0362268866765,0.0143739521976,0.0263984962448,3.37198243664,-0.758503901108,9.88791747229
9226335.0,4.52220035871,52.6353181953,-0.00593450124535,0.0112677411119,0.0333836711646,3.6384160473,-0.931056243553,10.2529735954
2836038.0,4.20492903828,37.4659307937,-0.0360362510356,0.0155857266732,0.0327462407121,2.66509776999,0.712850282584,9.77292661617
4843143.0,3.90665142051,33.0213262847,-0.0701019103285,0.0147603010184,0.039684296859,2.77867773216,0.0265758319517,nan
11033302.0,4.14281270001,36.0284488323,-0.00603871601736,0.0115563310488,0.0432996997462,2.72756976033,0.197433762005,9.7782739771
4036007.0,4.34716637768,37.5430320834,-0.000383520741552,0.0192300833033,0.0410351744294,2.30377690391,0.18785915033,11.0588809498
3222220.0,3.6883545654,30.3905664278,-0.0551315686728,0.0185550952835,0.0324441725189,2.36721837771,-0.120534872412,10.8547599464
8872709.0,4.31098796708,38.2028673565,-0.021077514797,0.0112121998939,0.0348334126938,3.02894085451,0.328660135682,9.46935096394
4164910.0,4.3494883164,38.8327918905,-0.0591143618558,0.0151856845759,0.0377785530486,2.69735622929,0.919032563581,10.2255771053
9532518.0,4.02925250757,31.1353299168,-0.128631916535,0.0274952447012,0.0535369114588,2.51775383551,0.912244723554,nan
9521461.0,5.38075833418,56.5480137545,0.0324186775909,0.0106653277268,0.0312043470089,2.97258727291,1.17114085587,10.0563542134
5283958.0,5.23389929488,54.1913233617,0.0378760849609,0.0134795208018,0.0309137195429,2.73227879518,0.943303609263,7.04127553109
8805663.0,4.57329175737,49.2603765436,0.0224424743216,0.00780793612202,0.0326002615622,3.99370698445,-0.0260116169621,8.93127084682
9450786.0,3.60367843281,27.4218718807,-0.0486886470447,0.016317833611,0.0511396211979,2.73752185096,0.0153187048858,8.25693691191
5112938.0,4.71051482951,44.8739114769,0.0168106490726,0.0102139732196,0.027886002022,3.4030952702,-0.556731808747,8.68583359996
3631821.0,5.49889558463,57.5872256871,0.0435630363519,0.0114398800082,0.0298056111917,2.93984153417,0.870997384857,7.64724879048
10527661.0,4.4387549438,31.115578144,-0.0998479092843,0.00812159623617,0.0689263971666,2.93060920927,-1.41039092171,nan
4169130.0,4.24855525469,38.0547923182,-0.0314033945062,0.0100954262941,0.0370435736582,3.06712875322,0.333809893738,8.545464032
6854391.0,5.60235066025,61.5717939889,0.103917935438,0.0119828372927,0.0213841583414,3.84336061087,0.991431883293,11.8281450425
9392039.0,4.06438397194,36.096634677,-0.0277054332612,0.013909581815,0.0410540845724,2.41632423689,0.697707557336,9.57670899879
9453362.0,4.17266962885,34.5502071214,-0.0346651866586,0.0182918122717,0.0343987557469,2.34637163066,-0.216840141294,10.3881050089
10753962.0,8.08292221526,101.964053243,0.138262412373,0.00788794779434,0.0188543439284,3.65179793562,1.0522667197,10.7718670594
6849167.0,4.18758049467,34.4830939331,-0.0297238915635,0.00583341266049,0.0363230981809,3.32560560934,-0.582787645909,10.1323619856
11618522.0,5.39538380272,57.3416366021,0.0751031079477,0.00551486600046,0.0282350566717,3.87888408231,0.00692811345035,9.67277644503
9596639.0,3.70798203657,29.9986468468,-0.150983762351,0.0161026279525,0.0344258565152,2.64882345362,-1.11010437847,nan
10362043.0,4.39462700392,39.2094285684,-0.0216398100825,0.0140359540688,0.0384412822387,2.63378784252,0.829170799859,9.74799649098
11027005.0,5.03887219205,51.1025657492,0.0269680752282,0.00873857070435,0.0309635282835,3.47715272872,0.125549781264,8.72153782026
11569659.0,4.05734266994,31.4028531176,-0.0384767412648,0.0171597277569,0.0737634192482,2.05102905054,-3.25331910063,nan
9727392.0,4.36899215613,39.4888158965,0.0549140971014,0.00590449347909,0.0336455124548,2.26783411648,-1.94072386242,10.3618155207
6929280.0,3.99408771255,33.6072339237,-0.0348770326008,0.0219254048052,0.0514077143905,2.55465124636,-0.0128049952059,nan
6263410.0,8.31231348829,104.853675849,0.126999909569,0.0100532606033,0.017312091691,3.47340532775,1.47445140713,11.5049745434
5112950.0,4.34077306854,41.64509625,-0.0274087261907,0.0133435837204,0.0399874661298,3.33648009811,0.680413544694,9.96273861452
10071249.0,3.9591593326,31.4886344036,-0.0682912750586,0.0206914243087,0.0519597218791,2.66823506877,-4.93559131195,nan
9335570.0,4.19118173915,36.6591770252,-0.0343121148469,0.0142675108668,0.0391925676432,2.69501106845,0.18545059716,9.79957489344
7017044.0,3.9618588728,31.2244031761,-0.068249246085,0.0279123846283,0.0542549753822,2.78085948986,-0.949399656765,nan
4139914.0,4.24452551006,36.0623323598,-0.0437347289327,0.0154424775774,0.0408198241708,2.64970530956,-0.553034768477,8.84564175572
10592249.0,4.20737010256,37.5135242269,-0.0428815145037,0.0146910966061,0.0421204374356,2.58868917308,1.1437904209,6.82852058989
11307599.0,4.20773785117,35.3462632627,-0.0135886200411,0.0124262180014,0.0397709788575,2.56895467166,0.000614535494857,10.8566158955
11805460.0,4.26810088552,37.8195082074,-0.0926515271847,0.0111848007775,0.0462153287163,2.42742237009,-5.12586013969,nan
8564559.0,4.69147493047,44.8541318668,-0.0127754585278,0.0121657898659,0.0301813113939,2.81733691344,0.968068965904,5.36071239555
6768355.0,4.2009138506,37.052678882,-0.0479406160919,0.015743349786,0.039672011087,2.81084168631,0.565136037587,9.65397469311
11252437.0,3.38505908252,26.3668999232,-0.0276846227585,0.0309336150767,0.0498859410895,2.89754414981,-5.51775598097,nan
11955410.0,4.0877287386,33.4886392581,-0.0547919786811,0.0165019446859,0.0322082285804,3.07492751083,0.648427289438,9.09125053383
9456153.0,4.09020922535,33.3312162024,-0.019432727595,0.0148832790348,0.0362078443239,3.22186256703,0.153704165399,9.3910821822
10212620.0,4.86413863691,48.8137767187,-0.0527663727353,0.0115845760516,0.0252266378835,3.05844133061,-3.8078599279,nan
9906278.0,4.64060613664,44.7981908682,0.0101874421669,0.0141876002029,0.0383236317222,2.54679472114,1.08519301638,10.1154881016
12118044.0,5.86754189875,64.6576145385,0.0472863488624,0.0139466741677,0.0257196146422,3.27490770041,0.747321783684,10.1620399636
11767058.0,5.33037290458,54.7462840007,0.0684003653239,0.00690326373592,0.0339474462818,3.13105239293,0.478679381274,8.49482360525
9713083.0,4.48607675655,41.2246446215,-0.0201843068356,0.0172576837309,0.0407139658334,2.79887208677,0.969673433479,8.71715898676
11508970.0,3.93551090216,34.0000986967,-0.025292668412,0.0156439803946,0.0366399821289,2.37448829859,0.0128874005553,8.34438794169
11083701.0,3.86075828855,31.1220081752,-0.0988226444079,0.0259558992505,0.0312264057348,2.67243785378,-4.78069539888,nan
7108501.0,4.80098749738,50.55930605,0.0364688731504,0.00995376158652,0.0277316614496,2.991456359,0.693282542861,11.3369200243
7744204.0,5.13497682428,52.9249160135,0.0740264140899,0.00717877888007,0.0514145232954,3.06102019222,0.839108986815,13.2699044176
4143460.0,4.26695834044,40.1443374156,-0.023169470502,0.0126730209394,0.0314536476613,3.43142421635,-0.120924896175,11.1735299281
9904563.0,4.25126254234,37.9782459455,-0.0333560489445,0.0128739038751,0.0366627915916,2.89859791563,0.285240734559,8.99970441591
9700899.0,3.93478583443,33.0198219142,-0.039280804677,0.0127226425299,0.0391603506326,3.11882449016,-0.736340464379,10.6328557999
10355672.0,3.98225876206,36.5439563097,-0.0448542415196,0.0268465956173,0.0637333633353,3.08954002012,-0.184756828886,nan
10286616.0,3.9867475287,32.7744960098,-0.0332827910709,0.0143172214481,0.0444518004253,3.19601226597,-0.841500049756,10.1898875261
8825444.0,6.62151932581,86.5970974274,-0.0458936093926,0.0114852470054,0.0742605053614,2.94134015116,-3.6007910938,nan
11721438.0,8.52514812693,109.679629363,0.118254640183,0.00862249799022,0.0156334502187,3.6349566859,1.75647055406,7.91845721784
8081535.0,4.56322442656,42.0643881332,-0.00707232299858,0.0155081676462,0.036170179124,3.09221909475,0.534924093449,8.58212723719
10918731.0,4.58869962369,45.6739378418,-0.0027686901854,0.0122650299485,0.0274815581528,3.43045717761,6.14453050495,9.98621770536
12067001.0,4.48721056503,43.2403107561,0.0154351036634,0.0118504350922,0.0297063044922,3.70112700892,0.476723641294,10.1030625762
5285357.0,3.98833784435,32.400548334,-0.0686071906099,0.0132026597297,0.0216686755796,3.03772621518,0.17741660347,nan
3942203.0,4.16594199809,34.9685198785,-0.0266747835153,0.0124717172419,0.0331481263267,3.17334681793,-0.602868722011,9.56638943784
7352718.0,3.91919255624,33.714670312,-0.0600775426152,0.0146279509218,0.0375934471546,2.54147604729,-1.3832511628,nan
10394570.0,3.98881922308,33.5369673818,-0.0528495034004,0.0111103845957,0.0352860200761,3.45109071097,-0.277561077682,8.18524380323
2141928.0,4.07161537375,34.7663744015,-0.0502083038733,0.0125254748085,0.0503401272873,3.06724794653,-1.90575163573,nan
4764420.0,4.32153153045,39.4755358553,-0.0119364101634,0.0114319336709,0.0397425294332,3.08465523057,0.33488320193,9.78299382603
7591642.0,3.71762096901,27.2489560217,-0.103645205481,0.0145804193613,0.0867665884007,2.34916868434,-0.927206391795,nan
6346443.0,4.23911368553,36.2368143335,-0.0856818791919,0.017480901584,0.0433976891773,2.42252741515,0.009211865889,nan
4241369.0,5.63277334147,60.5668103925,0.0777667871021,0.00475245057325,0.0265228260096,3.87229012259,-0.0564866239212,4.14526020121
3529597.0,4.85432939117,51.5883669357,0.0556964173222,0.00780216998016,0.0334129696717,3.18493814607,0.7179729124,13.0761755693
10983401.0,7.69358376794,93.9351409326,0.126221287213,0.00925655380538,0.0216913517821,3.12744752345,1.72011654314,9.70750851273
10018239.0,3.86984326169,31.1857431115,-0.0517358190313,0.0274029668426,0.0448785308291,2.99580056768,-3.96906823058,nan
9662343.0,4.63441960066,43.3910657861,0.0108159560302,0.013860804128,0.0329719462271,3.11281856652,0.425409130543,8.76371975329
4039306.0,4.12309093519,33.5726721439,0.000636153657564,0.0133662115608,0.033335158419,3.38321291827,-0.150778111708,10.8638819884
4937257.0,4.12392104762,34.8354199584,-0.0294823172394,0.0150475832161,0.0350000141817,2.74985258824,0.217495900986,10.2591265116
9518506.0,4.98160380514,50.2973437456,0.0176786025598,0.0110755671223,0.0313334200912,2.74595522821,1.11737266559,10.8518392342
10662618.0,3.93697089135,31.3651133008,-0.073049473613,0.018589870779,0.0361582864496,2.51444666492,-5.02302359424,nan
9825039.0,8.3862887265,103.336022274,0.130274353326,0.0101905545187,0.0233352460276,3.38229870204,1.42615998642,8.11183940074
9602917.0,3.98527933011,30.4850392027,-0.0337581619189,0.0240790518923,0.0493608272383,2.61393634744,-1.2641153743,nan
8607581.0,4.25736335024,35.904392293,-0.00621793337295,0.00941665290669,0.0399742973843,3.22101180878,-0.478363973979,11.2974060156
9724324.0,4.60302624321,41.6147766543,-0.0390036838155,0.00780945287617,0.0861649347419,4.20972273447,0.197923775128,15.5063060743
7188504.0,3.93099624479,30.1194841083,-0.0891770277925,0.0408611013094,0.0541860222955,2.95441438215,-1.08007226373,nan
7190047.0,3.87484645418,30.1152087918,-0.020473529353,0.0108436752871,0.0461583036944,2.86220232994,0.0160241500811,9.24019260801
8962844.0,4.5056584154,41.4976776497,-0.0206406563671,0.0115206046865,0.0336530351609,2.8378620354,0.644310059209,7.03102479734
9883214.0,3.83732970495,27.9485805987,-0.0291387735098,0.0138050902514,0.0513662018799,2.39948192884,-0.696524959704,nan
12418515.0,4.17304294052,33.7883098833,-0.0311325384003,0.0107975784678,0.0576408784289,1.63349361205,-2.30954718566,nan
11970987.0,4.65306571484,43.9836077346,0.0125106113161,0.0119187069766,0.0354126927817,2.71174565575,0.497195486972,9.17668380369
3425476.0,4.40222855639,40.0346416662,0.00767939856557,0.0141791944296,0.0356685860515,2.84106054785,0.356029557927,7.96090400221
9406638.0,4.35136275759,38.3057182278,0.143412113736,-0.00188989813071,0.112687398853,2.36838588677,-4.63938648927,18.9032033402
4448636.0,3.98328240336,33.4608819586,-0.0587918457761,0.017778735417,0.0373990117306,2.63265248102,0.0210594259925,9.86980068789
9718024.0,4.11524351772,34.0423383574,-0.0205000268556,0.0127923142459,0.0363614272625,3.12745963983,-0.916701040281,10.4328341769
11044315.0,5.22803476144,60.6900789616,-0.0190858292259,0.00801136540379,0.0261207946971,3.65579461716,-0.00560515180949,10.1134906114
11775398.0,3.99637702245,32.2809755197,0.000133655493636,0.0130689740994,0.0319074685559,3.72107706597,-0.31613398064,7.3256549523
3758458.0,5.84142090967,69.7295950934,0.0900827441459,0.00433681424581,0.0240003438146,3.23586080548,0.721105840082,9.78096979201
11612171.0,3.94531194543,36.4206383913,-0.0139039151254,0.0212138511606,0.0540854615707,3.86488318087,-5.83957471296,nan
10684837.0,7.03010496709,86.3245730017,0.087389880573,0.00850078001324,0.0281530466299,3.20413717317,1.12492606947,9.77895350745
11247049.0,3.875741415,34.2140636024,-0.0542352921598,0.0133418979274,0.0431697195957,2.7386362097,0.29962501269,9.09385445475
9760904.0,4.03423330112,30.0754481248,-0.0408451504654,0.03070938394,0.040965194927,2.72430832061,-0.287729240607,nan
4570120.0,7.34649084038,89.083031066,0.0997576108028,0.00837317878643,0.0287503777619,2.87263627952,1.13810111518,5.81463269318
3529480.0,4.56467541622,42.9896190516,-0.00785869619507,0.0139865411076,0.0324227358287,3.36390723126,0.0327115879089,8.78273616121
9405269.0,4.21614923167,37.3089150954,-0.0173309944679,0.0169643057213,0.0418606845698,2.35036863996,0.753160978695,6.95475634618
10083480.0,3.96363817714,31.2791702021,-0.0203444206772,0.016545712547,0.0267703021921,3.07138033579,-0.773522898607,nan
10599712.0,4.16575810091,37.1325331274,-0.0733850135314,0.0164094231399,0.0418433674346,2.39878908289,1.24732139105,9.39656810201
5112730.0,4.55141654381,44.1037240186,-0.0241644063752,0.01461080327,0.0337204923332,2.87347914711,0.991407811366,10.1729953372
10728179.0,4.27209932337,36.9142315521,-0.0296448362508,0.0115716449669,0.0375096218941,2.8175215402,-0.0681425632229,10.4515352688
2309469.0,3.50572249262,27.8489983765,-0.0832797591206,0.0239093952821,0.0757625372295,1.56084759094,-3.31612431045,nan
9966823.0,4.00862635724,33.0411858134,-0.044677883114,0.0124519115429,0.0387769140881,2.69542310895,-0.310438141693,10.843858263
4243796.0,4.30721393677,37.8346481269,-0.105842947804,-0.00221118531977,0.208961339168,2.14310563136,-0.10345579897,nan
3869326.0,4.58192119784,46.3630736296,-0.034441923555,0.0170135389216,0.0351579684542,3.25812278462,0.405267425496,13.2021534007
11455925.0,3.88813485701,30.0697692097,-0.0324556635785,0.0212604403909,0.0554293774506,3.03115222793,0.113564446972,nan
4662939.0,5.51287113847,64.1429424149,-0.0378247224176,0.00983219834838,0.0285221763854,3.63001261918,1.0611422567,10.1267589652
11090673.0,3.53642251845,25.9551093526,-0.0499493918087,0.0395052188459,0.0507847810345,2.55215146888,-0.546153335259,nan
3934458.0,4.22632673839,36.3762513594,-0.0219830392956,0.0118305830683,0.038740910479,3.11208650738,-0.00465472241216,11.8675769704
10532751.0,8.30129513658,103.200672657,0.16378013718,0.00500023162444,0.0236171300092,2.96030821512,1.77615100537,11.0468221389
12367827.0,4.25063134535,38.4004812082,-0.062491072853,0.0184289593995,0.0420846844109,2.56366912588,0.946279373942,9.77444674049
10525475.0,4.30873182324,38.7586848246,-0.0504802215293,0.021260656597,0.0575149537419,2.97672541519,-5.18576765919,nan
11667928.0,3.88978634411,30.1485286037,-0.0300197287188,0.0144156954663,0.04467108652,2.56109252682,0.308139904165,9.11278502977
8826496.0,4.68773804435,43.8315202035,0.0236094739181,0.0101953218743,0.0399026817483,2.53757371956,0.408145661972,11.9734800248
11129480.0,4.5511330923,42.7438826165,-0.0301503208815,0.0133729113388,0.0282646859038,3.57809960624,-1.20852574477,10.0062219879
11152312.0,4.03716760692,34.052729806,-0.020817480312,0.0144970609673,0.0410168360711,2.55935305932,-5.96011403598,nan
5017711.0,4.13016225596,35.8404183208,-0.0445986137621,0.0200327609626,0.0393877873867,2.49770161668,-5.51460106125,nan
5112387.0,4.68330932713,45.1001391552,0.000517479920391,0.0160715155052,0.0262298044455,3.15008712482,0.909255272291,9.66945287392
10934758.0,4.80237503832,46.830986344,-0.0268922968399,0.0161512661985,0.037259063801,2.6378580544,1.03896090612,9.91071568632
6508328.0,4.23786760644,37.9875039921,-0.0508118850104,0.0171266327863,0.0500114684373,2.61616723544,0.535986610293,nan
9229601.0,4.7344276723,45.5322356361,-0.0056846220129,0.0149605186389,0.0272653985353,2.74380776314,-0.188504532545,10.0163159176
11410549.0,4.09427974189,36.4802075783,-0.0128374254401,0.00872603066085,0.0379897126829,2.95964565071,0.218318057261,7.85997366101
9650527.0,5.29310430474,55.2854834127,0.0304907561335,0.00866712519918,0.0206412701058,3.30614766899,0.97339755066,7.64777997253
8761471.0,4.33369465012,37.9249162243,-0.0883229965739,0.0170126483927,0.032102332597,3.07342528042,-1.15528751992,9.83739890913
9716522.0,4.82587308194,53.9841714328,0.0168096395581,0.00602358508132,0.0337784848998,3.45646856288,-0.286734403611,14.2997670177
3748691.0,4.24242077133,38.9726340024,-0.0371480493405,0.015355056433,0.0318571178709,2.27517441332,-1.7513692564,9.89265795426
8479383.0,4.01457418412,31.1438241211,-0.0641595248275,0.0234958898516,0.0137023774184,3.06288612206,0.794763218618,nan
11075908.0,4.30142817449,37.4354117529,-0.0159830121685,0.0109212509653,0.0421938986691,2.87793702597,-0.217428120858,4.57062218684
10206840.0,3.66430346681,28.8490470828,-0.0744993291916,0.0270636266327,0.0465609041171,2.64945872765,-5.26159981573,nan
3216467.0,3.79822351197,31.4506527461,-0.0735165167873,0.0175634631527,0.029400883558,2.65530941516,0.842117960704,11.1436559817
3222670.0,4.04626996094,33.9256275973,-0.0419722103968,0.0191027059089,0.0306834517894,2.39264820261,-0.718003397942,nan
9641246.0,4.22062335459,35.6770648968,-0.0353948995623,0.0109787865578,0.0318097244521,3.1329670602,0.175735154258,10.9078077723
12120327.0,4.01948444248,34.1426607601,-0.0507495595939,0.0136566917675,0.0385299362664,2.98273453013,0.277822014798,10.498064126
9032691.0,4.09574855417,35.1824228971,-0.101933234026,0.0145608095474,0.0235713802056,2.2278775826,-0.756073045028,nan
4930906.0,3.86714513293,32.0693172502,-0.0473500420336,0.0153707877201,0.0376723701132,2.96582546352,0.350613380715,10.0887962103
5288607.0,5.67318010583,61.2539907092,0.0444316196669,0.011111712101,0.0245244002114,3.22194086957,0.802742992072,5.16640691937
10090400.0,3.91753675958,32.0908577571,-0.0140942081083,0.0103839292723,0.0392138663271,3.8801151191,-1.30178283996,8.20166003189
5685000.0,3.94657827753,29.5462761399,-0.129705484196,0.0174589106459,0.059010913417,2.68789856005,-1.49596665797,nan
4275625.0,3.74928317758,32.1708922663,-0.0469838856273,0.00937199265176,0.0452014669989,2.69590478997,0.486228526861,9.92540410021
10461757.0,3.44226061318,25.3799288456,-0.150668977981,0.0363282281397,0.061650566989,2.76063063198,-0.29587166829,nan
9635388.0,4.35376260334,38.9239106733,-0.0177824440034,0.0142120140202,0.0395732617113,2.77484248471,0.33883008076,7.39149929011
10220795.0,4.87201587248,46.8425094303,0.0388148679567,0.0113210723226,0.0292133624199,2.50556957428,-0.729882530707,9.99729000403
8957543.0,4.00448164532,38.004130998,-0.0346820303536,0.0124562372708,0.0395290797088,3.31527083751,0.719419304626,6.46337479934
9903915.0,6.0088370501,67.9003160654,0.0852963169754,0.00939212186915,0.0215264570921,2.82028693008,-1.21200379512,9.59951848821
11298561.0,4.24751326434,36.9128488084,-0.0384743132819,0.0177810242865,0.0471042235771,2.47125428822,0.504834193586,9.00332787489
5023953.0,4.73117272544,48.6252278834,-0.00250550975072,0.00821377295806,0.0293490877024,3.22771123591,0.654712630688,8.00940482743
8738834.0,3.84995939738,31.6876312738,-0.0975704203115,0.0239641954068,0.0456269519345,2.40126501651,-0.551506348346,nan
10196240.0,4.04394153197,34.3533077274,-0.0394322790321,0.0172606140469,0.033650306164,2.71111489694,-0.0813272374889,9.81463891603
9706585.0,3.97848842289,29.3954897205,-0.0614427387628,0.0160928552015,-0.000766183306019,2.41665768367,-1.89557143444,nan
11668036.0,4.46844407408,41.8820925141,0.00738950782774,0.0127530511161,0.0314909909986,3.37745550383,0.124599880188,9.77204183422
2988988.0,4.26735463584,37.9011581632,-0.0159789008431,0.0159029123118,0.0323554656842,2.83528743908,0.670377874829,10.0936918466
9658072.0,3.45027897147,27.9919216641,-0.0979088007766,0.0303310376816,0.0473491861992,3.33233982725,-5.5624258868,nan
6502831.0,4.00828125689,26.9118317538,-0.165714825583,0.0122375717273,0.0458844553666,2.46612865418,-1.52023161836,nan
11352756.0,3.69117520054,28.6863655984,-0.0132969451681,0.0174865491691,0.0681556688747,2.67699517498,-5.68578108166,nan
9396095.0,3.90099685411,29.3406254918,-0.10842875569,0.0239925365172,0.0566883342416,2.41943151071,-0.0223672580852,nan
6430534.0,3.51845531883,27.2176047297,-0.0731950079601,0.0207323513483,0.0684936385729,2.27612658724,-5.5158216282,nan
2305930.0,3.91660273321,28.9183371718,-0.136321923853,0.0275630687423,0.0545115165036,2.15013540131,-0.0517020838457,nan
11128910.0,4.11490498734,36.883023527,-0.0803639706432,0.0165713084547,0.0740189803104,2.51072093388,-0.435572504778,nan
10666932.0,3.97179059586,36.19614684,0.0101445844349,0.0256039801946,0.0820410538488,2.24477821166,-4.26744370129,nan
9332840.0,4.41990533601,39.9470367979,-0.112256981348,0.020034858956,0.0614739349872,1.60088220727,-2.91110805497,nan
7349386.0,3.75604604734,26.8465886983,-0.11898504063,0.0258876994259,0.0473239905637,2.62100319517,-1.11842109189,nan
7671562.0,3.79505412228,29.7731733506,-0.0701965839177,0.0228780309732,0.0604284304343,2.68441911438,-5.42029403586,nan
7103297.0,4.34124952481,38.8373420506,-0.123395131431,0.0231383039085,0.0797109062867,1.655555338,-2.15364473149,nan
2569055.0,3.72052889784,31.0114223774,-0.134544845622,0.0185041251289,0.0813116539996,1.54347192308,-0.604254374428,nan
3849027.0,3.78895896744,26.6047614522,-0.0857458655904,0.0137201104329,0.0307981623221,3.069281408,0.113915539918,nan
10858331.0,3.8403985465,27.208380365,-0.138794580809,0.0181109180626,0.0676910892422,2.36268223399,-1.5773876098,nan
9704774.0,4.08560551479,35.044459064,-0.06293063265,0.0191540727423,0.038295819195,2.35144437438,-5.58097940688,nan
6273063.0,3.62908731516,31.4241274125,-0.119931244114,0.00901460407979,0.0312147722761,1.8561943064,-4.04406443306,nan
10358632.0,4.10747172312,33.6360353498,-0.086220694852,0.0260709071839,0.0405413276965,2.61115470795,-2.45718653833,nan
9644558.0,4.46513118752,27.7279477213,-0.249544142148,0.00882470458837,0.0629266905518,2.42694449404,-2.84767152321,nan
10224535.0,4.25602909011,36.2389564677,-0.0702964211658,0.0173471310497,0.0509655748609,2.38357070336,-4.07648636026,nan
4760954.0,4.72554379393,45.3350299717,-0.0360592185877,0.013695517486,0.0595002933152,1.89306631093,-3.97150803571,nan
9145952.0,4.06252637088,33.2002757715,-0.0564883041734,0.02090196334,0.0250210112587,3.31188753313,-2.55086555087,nan
10065848.0,4.00253187575,29.5435371629,-0.120131161909,0.0249750016565,0.0276641881072,2.29341693147,-1.05615360449,nan
11289335.0,4.16700232801,35.6115568739,-0.0351256119424,0.0200649343618,0.0436300533852,2.37617996256,-2.91121146256,nan
5112401.0,4.01307985717,37.0914215618,-0.0394857938656,0.0191963973394,0.0262925878612,3.74121339268,-3.2514544264,nan
8673221.0,4.09171678397,36.6145272437,-0.0782585156388,0.00962683591899,0.0154881848286,2.92093491508,-1.66645222161,nan
2423824.0,2.69838523676,22.6612037207,-0.144736380865,0.0137922408115,0.0650678664986,2.55029923974,-1.29221931187,nan
10669123.0,4.28263436314,36.2280014373,-0.145067844033,0.0226763819255,0.00713064754716,2.71652203678,-1.08643406898,nan
8824264.0,4.03740346001,32.4787490212,-0.0199219644983,0.0144236393591,0.0274924672767,3.34902553623,-0.281034598147,nan
6936796.0,3.23546117392,21.7750289849,-0.147044320803,0.023324485556,0.0277249015808,2.75969070719,0.388471338994,nan
11197101.0,3.88267573154,28.9548909519,-0.0991908527194,0.0195205621861,0.0571807023334,2.35464058198,-0.262290609937,nan
10659100.0,3.1872524233,27.1815579061,-0.0846827484255,0.0115304963007,0.0493998211623,2.41024189945,0.0406083071642,nan
10618005.0,3.86976030778,30.9298705248,-0.0582037649833,0.0231084940024,0.0467749797309,3.44043572728,-0.188498590916,nan
10198347.0,4.39429608094,37.0698865922,-0.00500256354114,0.0215986480517,0.029375411134,2.87706445377,-0.159933281457,nan
10155731.0,4.12739701746,35.4117301954,0.0303501226611,0.0200701199931,0.0426147496475,2.90953148192,-0.535758925452,nan
11453627.0,3.95035929732,30.7660615899,-0.0383601145008,0.0242286451225,0.0439123608624,3.31604340244,0.203284261648,nan
9705636.0,3.98926359354,33.5286992259,-0.0446480374147,0.0205793384726,0.03806738586,2.48457137836,0.0368886230135,nan
9788834.0,3.78049872625,30.7340495137,-0.0630233815347,0.0256998745096,0.0416032143166,2.98291118637,-5.43764921627,nan
5859492.0,4.013304484,34.1313174347,0.0215362978383,0.0184654941418,0.060485827635,2.43925434228,-0.511830937453,nan
11598312.0,4.84613370358,47.4869579344,-0.0618964032662,0.0133760461614,0.0391846963251,2.10636558333,-5.01977702184,nan
7672969.0,3.7759594832,29.9149838693,-0.0611045669911,0.0185282928511,0.0533823180362,1.98594350232,-3.35545902429,nan
10857953.0,3.99306603109,32.932676987,-0.0475808067329,0.0174166867684,0.0403431619134,3.0512761697,-4.56922372777,nan
2695267.0,3.95026314243,29.2474869789,-0.011697182462,0.0304890582486,0.071644920275,3.136211029,-3.37838359123,nan
3937217.0,3.68301622256,28.1850735118,-0.0508563696075,0.0203880149844,0.0502978187751,2.472668322,-5.72383254914,nan
10489073.0,4.06352205286,34.6061911967,-0.0722683430985,0.00985565344059,0.0542345248612,2.61244575991,-1.37664523072,nan
11084620.0,2.95888820574,26.2350347229,-0.0750861586697,0.0065796395609,0.0305339331405,3.13564893019,0.318572187788,nan
7595285.0,3.76227228742,29.2187937562,-0.0713833588904,0.0219121946585,0.051530776015,2.60213300424,-0.440389622324,nan
8088244.0,4.17517643949,30.2476486989,-0.153661843173,0.0251064959464,0.0324379305373,2.3617575165,-1.25896042186,nan
10651578.0,4.08838771817,32.1000103606,-0.0563311467638,0.021689722201,0.0358234192477,3.4536495004,-4.6607269293,nan
9353531.0,3.94329720452,29.8191522005,-0.0888415727058,0.0185083407442,0.0465528042365,2.5165703031,-0.214846925054,nan
10489108.0,3.47650720098,29.3318310382,-0.0803230258343,0.00679103754755,0.0451842480279,2.82532740053,-0.417786536213,nan
6593240.0,4.19333882519,31.357699513,-0.0384078965871,0.00778120460218,0.0589308727564,3.57645089784,-1.09799439789,nan
11572172.0,3.96149845171,31.2904496165,-0.116994038433,0.0366335680796,0.0495943404219,2.84002260606,-0.588587071075,nan
8482522.0,3.83737381786,32.8857572076,-0.107372391053,0.0206570268081,0.044139683194,2.48631600183,-1.47953397948,nan
9143868.0,4.15823782344,35.4504178951,-0.0518719181745,0.0139626770694,0.0428404628221,2.69443461077,-2.89445383726,nan
11188067.0,4.21070044773,36.8199000132,0.0915471270138,0.0150954173083,0.0397522399065,4.01431665616,1.10324481001,nan
9958567.0,3.3162954351,24.6393454677,-0.0747523823282,0.0347996355527,0.0495920204013,2.73768188529,-0.371761623028,nan
7808227.0,4.04357062086,32.2900734197,-0.00853665944386,0.0212323958842,0.0288872667243,3.37054651341,-5.86333416372,nan
5288716.0,4.2036749699,35.3179520368,-0.047497783254,0.0121950686743,0.0553791849162,1.78281473467,-5.62577302764,nan
9763419.0,4.05758074805,33.2945756556,-0.0645689655094,0.0208495882233,0.022362711799,3.44238530817,-4.37726433316,nan
5514974.0,4.05868526634,32.6928822272,-0.0582589708622,0.0247474545352,0.0347134869442,2.76679475278,-3.30232062783,nan
10467570.0,4.0119547975,32.9607784198,-0.0815978135132,0.0242866019853,0.0305930267778,2.88048377811,-4.59280256925,nan
10206307.0,4.0691725642,31.7734270723,-0.0793723117998,0.04129380699,0.0449705472065,2.62161268751,-2.09146504964,nan
11754056.0,4.13913122378,33.6796488797,-0.0278634448462,0.0239872063564,0.0202635434943,2.96229003001,-0.595747757929,nan
7025721.0,4.3065206784,36.5854312437,-0.0101612576798,0.016663570628,0.0487134228663,2.30348336067,-0.00448275084509,nan
9100444.0,5.0669154083,52.0520619715,0.011501508344,0.0105616290741,0.0594770227323,2.21830330362,-4.72836063066,nan
11146230.0,4.39419353532,31.8143822781,-0.126967787604,0.0158733423452,0.0613961414865,2.66139131849,-1.9480236694,nan
10554179.0,4.2899142525,30.280795335,-0.0768672418294,0.0133275735855,0.050659108994,3.18745425396,-2.42467871261,nan
5167473.0,4.02849685361,31.3557434121,-0.0686745877536,0.0298454870402,0.0567819804017,2.98416043807,0.560937516957,nan
10723388.0,3.98904085707,30.7411235216,-0.0411796695547,0.0238288809013,0.0491406667518,2.36444947216,-5.64514592786,nan
10859941.0,3.93801560423,30.1818180459,-0.0408932502287,0.0201447799975,0.0793566969871,1.55344053178,-4.55863872414,nan
7100768.0,3.46887845935,25.5929849073,-0.0761861756664,0.0254006021592,0.0813085077339,2.22513029182,-0.185503018122,nan
12316494.0,3.74845481316,31.0151226972,-0.0818270842425,0.0161381375576,0.0260621752512,2.97636779067,-0.0552893527503,nan
10003419.0,4.08647467258,36.0485258091,-0.06204970196,0.0154938618901,0.0444231891369,2.75335407373,-2.33838029337,nan
11703230.0,4.10332465693,32.6485011502,-0.0774111274891,0.0250525617248,0.0492093410411,2.64845476225,-4.93151261159,nan
8154541.0,4.22931158635,39.3311111505,-0.0428115899131,0.0146709315905,-0.00189101775339,2.41339515085,-1.03535887486,nan
10799530.0,4.24951982866,37.0201549277,-0.063701823238,0.0176960489857,0.0780779555214,1.57177300129,-5.01904630338,nan
11199105.0,3.80224546429,31.0612476671,-0.100158822542,0.0201153547029,0.0232719433431,2.70894782132,-1.55617851003,nan
3656231.0,4.22723468756,37.8443296499,-0.0426493183101,0.0159342214571,0.0340111332598,2.88866457563,-5.30673158093,nan
10086465.0,4.35004058242,40.3384058865,-0.0241862140287,0.0243535991132,0.0416272453499,3.30776835278,-4.24289389192,nan
8826079.0,4.13571652343,32.4280130455,-0.0815863027615,0.0163189886601,0.0134692988105,3.0643974422,-0.302715483387,nan
9945290.0,4.33356782787,37.968538214,-0.062700846851,0.0179388738679,0.0261537557532,2.31842606607,-4.67832501855,nan
10880958.0,4.03719007899,32.7509063436,-0.0394247740843,0.0249308986093,0.0386282027236,3.45344076094,-4.19657933152,nan
5772710.0,3.92262995811,32.9364397712,-0.107671969442,0.022030464007,0.0668893462157,2.04423842485,0.35305142988,nan
9291976.0,3.85823994329,31.0874302594,-0.0880291581398,0.0213358894798,0.0475118663962,3.05465287255,-4.8674192841,nan
11133969.0,3.63933815125,27.4549501525,0.0126223967568,0.0242009891625,0.0576832430441,2.32006575351,-0.299447459796,nan
11564307.0,4.07555153689,35.2153916247,-0.0302286322273,0.0199496696055,0.0438747827116,3.02649356599,0.17102390748,nan
10005966.0,3.77179963064,31.1139594845,-0.0685281783747,0.0247698807591,0.0224235271828,3.6005175234,-4.96219730003,nan
9220076.0,4.12069412162,33.7954505649,-0.0649462217953,0.0194284187498,0.0355435481136,3.1286877875,0.0138494335257,nan
12117099.0,3.89291281436,27.8036696552,-0.090122047795,0.0194333600373,0.054844648291,2.61733070113,-0.537527166162,nan
10604460.0,3.77420473392,30.1498342947,-0.0243546412744,0.0293796731829,0.0426563119822,3.52760234986,-5.45145381726,nan
11498298.0,4.55602348517,42.2683419696,-0.0727383822627,0.0190667914095,0.0466047040513,2.67863808485,-2.5971483167,nan
11559478.0,4.01977969685,36.8833332345,-0.0390695432192,0.0212718803043,0.0387618447505,2.89834980593,-0.693843740706,nan
6271732.0,4.07696510955,31.6963043041,-0.21457966267,-0.00439289742484,0.0167789447912,2.66511919927,-0.880611741065,nan
10545152.0,4.11268545972,32.7781783392,-0.13153525228,0.0480569390424,0.0275416498407,3.45567576775,-1.16288174696,nan
11623012.0,4.19348475167,34.6394373295,0.00690462283152,0.0173543916565,0.0583620539176,2.70485349751,-2.33766898068,nan
10683647.0,4.11972779751,36.0510056978,-0.0163705877599,0.01743728522,0.0553807770736,3.34297774197,-0.083325813227,nan
9471284.0,4.33360477517,40.9455299728,-0.0474733939341,0.0156190566892,0.0303839813514,3.66261552379,-5.86258078698,nan
7668782.0,2.02106857025,13.9286666536,-0.121929005425,0.0301394241467,0.0592770142009,2.48918134188,-3.33803351449,nan
8674581.0,3.84595464246,27.9408373481,-0.0775961090684,0.0400244278037,0.0796608841462,2.50873296262,0.0395132899511,nan
10525282.0,4.21028860703,35.2136343991,-0.0765712761215,0.0246260772012,0.015749905129,2.3731020734,1.2739377561,nan
5112373.0,4.6579227127,44.4331344998,-0.111153798106,-0.0040841643801,0.0354994308065,2.1309936351,-5.50175180355,nan
2437564.0,3.83117544846,32.1147776399,-0.10641155084,0.0168704554466,0.0383783665088,2.36266766702,-5.77032832958,nan
10977629.0,3.16937168099,24.5005857666,-0.17241205008,0.0260966677784,0.06883048288,2.13331801518,1.20601567761,nan
9604524.0,4.70875828741,46.1578115881,-0.0412622180467,0.0154417233565,0.0436169751962,2.41500153764,-1.91293465861,nan
2697082.0,3.29745097025,31.2957877239,-0.0276379297085,0.0096785802573,0.0452602214218,2.90355458807,1.33209130117,nan
8350443.0,3.93632727126,31.6989791565,-0.0530710270865,0.0254930121915,0.0470594454869,2.52335499002,-4.85070920887,nan
11341723.0,3.82744945403,28.1149629495,-0.133940086261,0.0272330960697,0.0398509997907,2.6981496704,-1.32327792733,nan
5599763.0,3.76303216129,31.4759093725,-0.0477524687095,0.0122084847733,0.0572977425799,2.2262833849,-3.38835885232,nan
9529974.0,4.07141702749,33.0215490204,-0.119241736801,0.0308239615881,0.0469780616996,2.68758195599,-4.52830957099,nan
1435573.0,3.59744364306,26.1771443086,-0.0969769998263,0.0280992562622,0.066988192063,2.33220517614,-0.685640884006,nan
10066568.0,4.1273750627,28.4278984922,-0.116207780653,0.0087553222931,0.068406136415,2.62945643541,-0.964721499089,nan
11197457.0,4.46555119126,39.9664266636,-0.0475349098961,0.0145863239299,0.0706120962833,1.64933336116,-3.65262377042,nan
10848618.0,4.0262815693,32.1697288289,-0.114561920422,0.0334369334475,0.0340586279469,2.20011022729,-4.18653988434,nan
8671819.0,3.94377516401,29.9433821312,-0.0741864726033,0.029955841157,0.0701025082466,3.16628784076,-0.152504979898,nan
9946773.0,4.17276893812,28.7350740632,0.00969125288797,0.0327028935536,0.0615661660723,2.84399343315,-1.49739632494,nan
10602976.0,4.19936721598,35.5105936793,-0.0286240793257,0.0186208627865,0.0377379954476,2.88625179381,-6.0046029059,nan
11349014.0,4.09490066595,29.4041255885,-0.102627177091,0.0136684828734,0.0565428222337,2.82587265255,-0.80137033769,nan
