1.055220200000000000e+07,4.344542011285243532e+00,3.929338606229311637e+01,1.879387028571395321e-02,1.842852293975318426e-02,3.793392386365358748e-02,1.975643375336752827e+00,2.393218858159532614e-01,nan
7.811522000000000000e+06,3.374336234538098722e+00,2.685263234214586348e+01,8.394762994339439732e-01,7.112261823858041787e-02,9.975844960074153889e-02,4.147629347727847637e+00,-4.919458951633779442e+00,nan
9.027871000000000000e+06,4.308010676685222862e+00,4.300354235562549832e+01,1.961015419681771607e-02,2.513072079600718253e-02,8.106782932109576900e-02,3.568812788510101086e+00,1.529328651863203659e+00,nan
5.112072000000000000e+06,1.012945268817513167e+01,1.266835498010554630e+02,8.608976301090483230e-02,1.876898206415515691e-02,1.562823847946601813e-02,4.030762730096039803e+00,1.695235543702541925e+00,nan
9.157260000000000000e+06,1.813086466154108223e+01,2.351147359012223035e+02,3.575677532413756299e-01,6.502913476906960026e-03,5.328648367920821999e-02,2.366539781495412775e+00,2.273352926393272799e+00,nan
6.929729000000000000e+06,6.053320934290049138e+00,6.534328863596071812e+01,1.437571302948156549e-01,7.401496442170241857e-03,5.372240859003819813e-02,2.750796167837808781e+00,1.778522496479505888e+00,nan
1.006881000000000000e+07,5.345649801466742623e+00,4.929267516491920986e+01,8.924431448966217706e-02,1.578848434596231629e-02,6.181367235773892188e-02,2.209744188842163393e+00,1.147516958140925691e+00,nan
1.054697700000000000e+07,4.401875577426458186e+00,4.305457296516937049e+01,-1.347747109673924359e-01,4.285134837667912977e-02,7.728942654281445446e-02,4.237213853385453532e+00,1.976805658913225683e+00,nan
3.444374000000000000e+06,5.750551459652450070e+00,5.664601285082947157e+01,7.265576825651859361e-02,1.857251664689898996e-02,7.142384855929771736e-02,2.955882957100329556e+00,2.221540059260534772e+00,nan
6.343222000000000000e+06,7.383909586878240283e+00,7.865405060433744211e+01,1.295764786219809617e-01,1.287395494115804902e-02,6.212875967588579046e-02,2.404216233044741635e+00,1.906806191022139441e+00,nan
7.431665000000000000e+06,5.499075305991603102e+00,5.527962932155124776e+01,-7.942219115954089791e-04,2.295327769569829868e-02,9.743020943555204261e-02,2.683092416634740740e+00,2.246950170045397321e+00,nan
1.197385300000000000e+07,1.466623117721804448e+01,2.034726930275167547e+02,2.544790331037097841e-01,9.627338971069250226e-03,7.707282470629744919e-02,2.709374242824283741e+00,3.717688595805522578e+00,nan
1.099271100000000000e+07,4.122061864005404530e+00,3.525780697701024025e+01,-1.625998544357601105e-01,4.292667075023962053e-02,1.027300803715058691e-01,3.427657555389330479e+00,2.208213252648058678e+00,nan
1.135700400000000000e+07,3.126016417561926275e+00,2.557436610931851106e+01,9.117520328872280588e-01,4.210178287670058445e-02,1.552180656147333082e-01,3.482944598688654914e+00,-4.532446344298780794e+00,nan
6.680734000000000000e+06,2.362779403849389226e+00,1.751307135009194127e+01,-6.211211238722737921e-02,2.132102795360281758e-02,1.015584089985692717e-01,1.891668681376378114e+00,8.629941379572538818e-01,nan
3.114408000000000000e+06,3.402876847875071054e+00,2.996765639148076232e+01,1.957572743389396006e-02,1.531920483243533714e-02,1.863614567378417408e-01,2.049355482894667624e+00,2.143536036490365948e+00,nan
1.081674800000000000e+07,3.803669497608022976e+00,3.238394653810342305e+01,5.913269331916005261e-02,2.495867128766009191e-02,1.494243832304839037e-01,1.743630551896268699e+00,-4.612755104718871402e-01,nan
4.139784000000000000e+06,4.809181482983526656e+00,4.771959956038823236e+01,3.806428866236655911e-02,1.485173592492860378e-02,8.881488674937028371e-02,2.287520937286660061e+00,2.192968491196678027e+00,nan
9.772366000000000000e+06,4.756301426505141094e+00,7.606946249000550608e+01,-9.617955860062883389e-01,2.244708523505410114e-01,1.187625558015147353e+00,1.465270471455252910e+01,1.415283763152370256e+00,nan
9.163153000000000000e+06,1.255906369095501773e+01,1.548796678039959147e+02,1.507054967054981820e-01,2.535828646160712477e-02,4.536190857361067225e-02,5.117984482571157123e+00,2.208378192145227015e+00,nan
4.991732000000000000e+06,8.542558723485091932e+00,1.060531379033049149e+02,1.829210511914343973e-01,8.757732318547390565e-03,7.074763155932145553e-02,2.428861914612768569e+00,3.255941359980448091e+00,nan
9.758246000000000000e+06,2.817396215059418729e+00,2.177019836710443457e+01,-8.931756602350426899e-02,3.165217506043721540e-02,5.249682320296143040e-02,2.439819787292776265e+00,1.097942962957760837e+00,nan
3.457618000000000000e+06,3.591549009822250227e+00,3.463041702174393777e+01,1.860232326105440426e-02,1.163365051769961814e-02,2.006509153560307457e-01,2.217713830648865514e+00,1.884650090238690012e+00,nan
1.125048800000000000e+07,2.872714790521335715e+00,2.433298915383005934e+01,8.878127419393924136e-01,2.002856075491482243e-02,4.880979170367416575e-02,2.010579506851466025e+00,-4.101671606620353572e+00,nan
4.937204000000000000e+06,4.408077598559167143e+00,4.029334170577533314e+01,5.875602301091188695e-02,1.527603473974428056e-02,8.364398358810691547e-02,2.315354160449078602e+00,9.490920334888608423e-01,nan
1.002538700000000000e+07,1.148612822392398414e+01,1.412535990903444088e+02,2.259507960477948885e-01,1.067869383663869881e-02,5.823712445208814592e-02,2.700469338542367925e+00,2.942543710389338152e+00,nan
7.347189000000000000e+06,4.032148298957725530e+00,4.098464381099176990e+01,7.512962072221329723e-02,8.936430773720261886e-03,1.092999228638883574e-01,2.527384234561052878e+00,1.796547422874107180e+00,nan
9.662395000000000000e+06,4.434762373931628865e+00,4.825373929951712881e+01,5.493593725329314059e-02,1.651563597552497056e-02,1.790562217903291301e-02,2.724911844186888032e+00,2.369342190307736740e+00,nan
3.847071000000000000e+06,6.142237198360986028e+00,6.194826785142632986e+01,1.091416387531433385e-01,1.462476032997449618e-02,1.142195701771430150e-01,2.272350730084256920e+00,2.619511705777609833e+00,nan
7.429055000000000000e+06,6.108317268848540316e+00,6.094916480088394195e+01,1.071119665546279576e-01,1.773822162726524168e-02,8.841762800994537597e-02,2.551724764748126262e+00,2.287088543174987443e+00,nan
3.835996000000000000e+06,4.989512258588943538e+00,4.602501035021207798e+01,5.591809120872272276e-02,1.329296507245565639e-02,8.332211632176395044e-02,2.187616544663111284e+00,1.068402591630867260e+00,nan
8.545291000000000000e+06,5.781376121275421553e+00,5.499348614482423869e+01,1.284183761975551397e-01,1.486097425955626265e-02,6.586092827385574278e-02,2.195920814465613713e+00,1.850717672106364953e+00,nan
1.141313800000000000e+07,4.636222864116682274e+00,4.678145920613135900e+01,5.315782621668254521e-02,1.105205756766747434e-02,7.297899963987868055e-02,2.450148173328416057e+00,7.189738846269864148e-01,nan
9.291249000000000000e+06,4.592784318048059866e+00,4.489678763094464387e+01,1.150296121524179427e-01,1.193919301388650551e-02,1.416215618630288220e-01,2.222681783109520470e+00,1.856897176629415336e+00,nan
8.366239000000000000e+06,1.368828284842989085e+01,1.855714866573710822e+02,3.107983194345827482e-01,5.926851205569690084e-03,6.414406835368847981e-02,2.143120633044659495e+00,3.898361983268836539e+00,nan
1.154691300000000000e+07,1.335100923514725935e+01,1.781114623418741303e+02,2.477891872209600221e-01,8.922217503216993764e-03,-7.721772797373318425e-03,2.345421910643116892e+00,1.844713677343950309e+00,nan
5.112880000000000000e+06,2.845702630436865554e+00,2.525876151392728275e+01,8.526581201054568293e-01,-1.578136596233800648e-02,9.399907266617278656e-02,3.470272225100327734e+00,-3.540350605036817644e+00,nan
4.040211000000000000e+06,4.212322747724026151e+00,3.903011360053646683e+01,-2.439433149396728461e-03,3.426035439421823425e-02,1.150569635506052957e-01,3.405213775230736761e+00,1.200539074249020954e+00,nan
8.545504000000000000e+06,9.222458757382250738e+00,1.104723358374518654e+02,2.145921265091979557e-01,8.492862356407384836e-03,6.226685876476464182e-02,2.810178525475589328e+00,2.169092453907145668e+00,nan
8.824452000000000000e+06,5.568232295314622604e+00,5.174647388100934364e+01,1.375661987617662028e-02,3.685925099003462685e-02,9.105858369767932947e-02,3.522841750824982743e+00,1.346646255171913609e+00,nan
5.023732000000000000e+06,3.102921107100843567e+00,2.750582652543786111e+01,-1.003545425692777826e-01,2.805949540754911972e-02,7.070045458195964305e-02,3.071284063850017620e+00,1.001496888174480349e+00,nan
1.009540900000000000e+07,4.134894158273663578e+00,3.944567847144538320e+01,4.106023175115439128e-02,3.721446193065060942e-02,1.447611660696244418e-01,4.004437166632343725e+00,1.414493934704929234e+00,nan
7.273672000000000000e+06,2.721300282759490763e+00,2.111920044863979129e+01,-9.779838904328200244e-02,7.359593674229167326e-02,1.326290004014112900e-01,3.489145752629327024e+00,6.492839805158576727e-01,nan
1.166178200000000000e+07,5.779302965376127865e+00,6.034831925866043889e+01,9.678608294943573387e-02,1.191751629364267741e-02,5.903552847815168175e-02,2.401622142176454755e+00,1.522486033892276769e+00,nan
9.650046000000000000e+06,5.969535737093239369e+00,6.850194472678101931e+01,1.233916874526697904e-01,7.869440692159624870e-03,5.964565777910960792e-02,2.675022402946214850e+00,1.396053974170324397e+00,nan
1.172137400000000000e+07,5.967698807798267779e+00,6.036371819154095419e+01,3.279176033725972328e-02,2.964023730118883065e-02,5.041432441078880916e-02,4.339507153347640589e+00,1.206684868666299426e+00,nan
9.658002000000000000e+06,4.122076787605685411e+00,3.550602144685316119e+01,9.291001149841793261e-01,2.171483729553812594e-02,1.749884525377531919e-02,4.506707044746342206e+00,-4.240613235976010920e+00,nan
9.145955000000000000e+06,1.100327619641263510e+01,1.319070996850983306e+02,2.250101840190654456e-01,7.193236687809793917e-03,7.884800009009426680e-02,2.147563385898711097e+00,2.369249697376007546e+00,nan
8.613617000000000000e+06,1.359349480257573184e+01,1.710466698674393058e+02,2.850944940561551122e-01,8.767905947260090996e-03,1.037758054370997302e-01,2.322514362095369211e+00,4.025757419562842720e+00,nan
3.847697000000000000e+06,4.865301534510755310e+00,4.580325174326969773e+01,8.504686270124697800e-02,1.513469175391062189e-02,8.720254573507101037e-02,2.124284279737896686e+00,1.478300732141535789e+00,nan
3.938291000000000000e+06,9.319292070339562528e+00,1.170278688403011387e+02,1.725254444432747780e-01,5.832729579619251939e-03,3.089920508901311882e-02,2.275553954157033321e+00,1.664548480831567145e+00,nan
1.065984200000000000e+07,6.993422326055843463e+00,7.579621955125867316e+01,1.105384738316541188e-01,1.279934877288996936e-02,8.164154923524158392e-02,2.668309552834037923e+00,2.300421775162580396e+00,nan
1.091067400000000000e+07,4.040698949615068258e+00,3.613043159455126840e+01,4.997381829464884323e-02,1.693160242473742277e-02,6.033729065180550716e-02,2.110194168757015820e+00,1.692484933056502605e+00,nan
9.761625000000000000e+06,1.394170100782737176e+00,9.119173880171342006e+00,7.285245932751758247e-01,4.674190309487748218e-02,8.951888720239951913e-02,4.619339520433304536e+00,-4.029313991250078608e+00,nan
5.597965000000000000e+06,5.555447771976370852e+00,5.483171893044941925e+01,1.091281198507490224e-01,1.405908605426013300e-02,9.952708626542389192e-02,2.355833972523832642e+00,1.948126770508469940e+00,nan
6.853779000000000000e+06,1.735790988327003737e+00,1.148453350100060355e+01,4.531475538330392294e-01,1.311201870487942456e-01,1.619391291001212319e-01,5.032106162224410539e+00,-4.454798269087778095e+00,nan
3.545147000000000000e+06,5.273432374279408918e+00,5.559621861223632067e+01,9.121465713526689945e-02,1.149161737607388122e-02,1.324878735407268859e-01,1.750052748219331544e+00,2.931517090288147998e+00,nan
6.843705000000000000e+06,3.459626964239180147e+00,2.998264639429991973e+01,2.304458054191593080e-02,2.168350935297822316e-02,5.891215557779357070e-02,2.168497753057205379e+00,2.042284786860625978e+00,nan
1.009542700000000000e+07,6.091982704355888067e+00,5.792765562302233207e+01,8.740618468131197694e-02,1.064569384000371016e-02,5.361989955446940653e-02,2.081985078303096426e+00,2.245917613939684365e+00,nan
5.113041000000000000e+06,4.101465599765752756e+00,3.775688412652006321e+01,3.818774819143830879e-01,-1.806410288418585919e-01,1.794526439224268133e+00,6.155001354778645961e+00,-2.590947994838035395e+00,nan
7.516687000000000000e+06,4.072290719429255468e+00,3.527912592153374760e+01,6.791985462358417214e-02,1.754788612936726208e-02,9.494117436728370663e-02,2.197878350062341557e+00,1.613189055055833432e+00,nan
1.060201500000000000e+07,1.422153882584825979e+01,1.854863393297805203e+02,2.944390030491134680e-01,7.029233962436928947e-03,4.159228374202535161e-02,2.647091036790078622e+00,2.696919103113069482e+00,nan
9.075225000000000000e+06,5.379255790394191550e+00,5.605298781675984543e+01,9.889630161589713087e-02,1.354668145281552084e-02,7.231382828662330509e-02,2.205659075169581484e+00,1.268490490489690758e+00,nan
1.155964500000000000e+07,3.045171937578524446e+00,2.642215285231145927e+01,2.870604815842799258e-03,2.477413870577213628e-02,9.945354159716626730e-02,2.352295341811064588e+00,9.398726407009627692e-01,nan
6.850177000000000000e+06,4.638599938188863625e+00,4.512381344597209676e+01,-2.797016933902141470e-02,4.134811954287523350e-02,4.984746579849518716e-02,4.556883427702964617e+00,1.511975750532434271e+00,nan
1.035261500000000000e+07,5.693814356697423307e+00,6.148167160410238097e+01,1.521001890417301994e-01,9.320273666009544836e-03,1.197291364318140566e-01,2.276708824074900495e+00,1.953339547127720843e+00,nan
1.151537700000000000e+07,1.477885115708118491e+01,1.948698403194057676e+02,2.986830424769690850e-01,7.503376360496496339e-03,1.139619422839915387e-02,2.507197012574201800e+00,2.768036928385277040e+00,nan
1.150960800000000000e+07,4.059391836967400025e+00,3.353348201963060404e+01,-2.889465909453726652e-02,4.413795466119751348e-02,1.044371179484830797e-01,3.471071798888787807e+00,1.177593532455373238e+00,nan
1.041655000000000000e+07,5.052976053705105386e+00,4.786319908856737726e+01,6.276129010656851526e-02,1.540762999471402030e-02,7.074302971481194469e-02,2.098607638514213392e+00,1.439557743232216414e+00,nan
9.475697000000000000e+06,9.838877235136676447e+00,1.146457010516374311e+02,2.216542911343218070e-01,8.371451687904955460e-03,5.657134333182630564e-02,2.429422213791682328e+00,2.652221765705893741e+00,nan
1.212215100000000000e+07,5.188683998211431003e+00,5.002986398993393635e+01,-2.190478706480297522e+00,2.127154415577430235e-01,3.136108145955406101e+00,2.087122487581480890e+00,2.611576241981254487e+00,nan
2.437040000000000000e+06,3.032259861533495915e+00,2.545386329597769759e+01,4.018681427945682873e-03,1.722989211428243780e-02,1.085131054397812794e-01,2.156731623407124765e+00,1.341092712218201477e+00,nan
1.156379100000000000e+07,5.056177361896748934e+00,4.262582992651083913e+01,7.405079000381896946e-03,1.872713586083486759e-02,9.826718325541054788e-02,2.097602536991022060e+00,2.259812601697174461e+00,nan
4.902701000000000000e+06,4.129929962666273546e+00,3.569572592262451849e+01,6.614207401221973426e-02,1.677296548041063914e-02,5.675797056134037309e-03,2.361075951991516320e+00,2.034749709575703225e+00,nan
2.437816000000000000e+06,2.338262490613405742e+00,1.803842502558816818e+01,8.924989953455337854e-01,2.535879280628327778e-02,1.552796292855027349e-01,1.866646254291340457e+00,-4.250476493082352647e+00,nan
1.108361300000000000e+07,8.629833020985659076e+00,8.881025492844841551e+01,1.781413523760312922e-01,1.162517162815637946e-02,7.384011494666202491e-02,2.317754746955545286e+00,2.982530696438109530e+00,nan
1.008739400000000000e+07,5.966049598865352799e+00,5.909988468197014555e+01,9.805212512441618955e-02,1.695057155922261374e-02,1.187369716698722377e-01,2.485535584498216100e+00,2.130056128218605238e+00,nan
6.185790000000000000e+06,4.660578470215619440e+00,4.259360707173926386e+01,5.040220629609988567e-02,1.786785256614056849e-02,9.766627146133187443e-02,2.283509282122618167e+00,6.522696654954879270e-01,nan
9.941141000000000000e+06,7.972879681884354142e+00,8.983100323290040023e+01,1.807019193620859054e-01,1.295739980583367722e-02,8.901188173934561354e-02,3.077706167080194621e+00,2.603463609019919023e+00,nan
9.536330000000000000e+06,2.661603208287994349e+00,2.219198835912908763e+01,1.495336761820001935e-02,3.851814694873554462e-02,1.178010904469082437e-01,3.651595396952822981e+00,-1.843129931184678827e-01,nan
1.177551100000000000e+07,5.265603593434068586e+00,4.823732633597821007e+01,9.038062301757276984e-02,1.615183787228203702e-02,8.331856395265270498e-02,2.151225694348185336e+00,1.527421995485335637e+00,nan
9.580991000000000000e+06,5.660660686176974821e+00,6.160790826522566022e+01,1.585442229144066462e-01,1.330102997007632896e-02,6.202168715152776152e-02,2.995612034669592472e+00,1.526693598412375730e+00,nan
3.528656000000000000e+06,2.639800780854176576e+00,2.040131656112148306e+01,-1.445146109905190955e-02,2.197763649407763475e-02,2.418125026729995852e-01,2.152719322563168003e+00,-4.047007829103669851e-01,nan
2.435987000000000000e+06,4.189834435066063456e+00,3.783901059695583058e+01,1.611662123701172386e-02,1.863672002609430278e-02,1.120575900043674911e-01,2.100825553417108527e+00,6.589531554324707940e-01,nan
1.074351500000000000e+07,4.539148539606718380e+00,4.551254111211034115e+01,6.072297517682549023e-02,1.078373551476135596e-02,1.016183204075165464e-01,2.022345483301665414e+00,7.418103616123292721e-01,nan
1.114664700000000000e+07,3.311994718087282852e+00,2.990202745139620788e+01,1.422548259881983813e-03,1.659819668330826670e-02,8.433031598230505965e-02,2.156101027364242473e+00,1.405699262892797785e+00,nan
1.190584000000000000e+07,1.027674030953812512e+01,1.204901714713027445e+02,2.152165101171287231e-01,8.779083250861404591e-03,6.680306637437202766e-02,2.554113716025974146e+00,2.214202681588475219e+00,nan
1.022021300000000000e+07,1.648194527834985124e+01,2.222169859527625988e+02,3.242295627772683875e-01,1.916072261579517336e-02,2.562154140275565289e-02,5.627418426495824022e+00,1.017583465582781121e+00,nan
9.414068000000000000e+06,1.593651440388621054e+00,1.005241995258998067e+01,8.463995175763290302e-01,1.174343364170158943e-01,1.714992169457739135e-01,3.356688083977250603e+00,-4.035728845541666665e+00,nan
4.345370000000000000e+06,4.041785081023890669e+00,3.248003427981907265e+01,-2.997665448330406272e-03,4.351025330571595129e-02,6.789912922559578068e-02,3.234015705012351916e+00,1.260162404185771745e+00,nan
1.074786200000000000e+07,3.726758582714141177e+00,3.068105481664748879e+01,-1.626106562529752372e-02,4.865372503769969242e-02,8.358662968791949477e-02,3.290954585020135603e+00,1.271308052277030365e+00,nan
6.755907000000000000e+06,4.814006616434015839e+00,4.377342150644324192e+01,6.359152150410185556e-02,1.366055216600106127e-02,5.788041484297791472e-02,2.423561709106485829e+00,4.284055357125181596e-01,nan
1.124192700000000000e+07,2.909610965774119151e+00,2.597608398344356928e+01,9.438284701224638473e-01,5.486450587857464450e-02,1.074108011428716036e-01,4.354593320215295549e+00,-5.004247270106271017e+00,nan
1.432587000000000000e+06,1.080009313210645860e+00,5.469081587357660368e+00,6.480762086713385273e-01,4.069163830468892212e-02,1.828444868981703442e-01,3.004776727556813576e+00,-4.236989301271041342e+00,nan
5.196152000000000000e+06,7.358424707850913293e+00,8.013748672125159089e+01,1.430022463145202705e-01,9.617854291922387638e-03,5.844227233805507349e-02,2.086407493092830023e+00,2.394664767709219433e+00,nan
7.270142000000000000e+06,5.431915916115975129e+00,5.335235127227058882e+01,1.157599543298756944e-01,1.390811232101413566e-02,7.103028938154121175e-02,2.154292002757703717e+00,2.369665577978299353e+00,nan
1.071849100000000000e+07,5.028306717849114982e+00,4.926973178709990009e+01,5.645186663854742659e-02,1.596856064381030685e-02,1.764498959633065411e-01,2.220429654959890087e+00,2.365921424740749401e+00,nan
6.755373000000000000e+06,5.192434047357165738e+00,5.095838280322033853e+01,1.223369460291522937e-01,1.044586324771423769e-02,1.254063428364938781e-01,2.191580101918452428e+00,2.240319452787666865e+00,nan
1.159811600000000000e+07,2.541276115606140529e+00,1.798720625805695761e+01,6.112067870862292196e-01,9.934246796272962199e-02,1.288307499208407592e-01,6.192108895535434421e+00,-4.291794891702155113e+00,nan
9.581445000000000000e+06,5.774075578096508288e+00,6.131655174333305780e+01,1.086490032226803959e-01,1.244190900882419931e-02,8.468990094468839547e-02,2.364768009725513931e+00,1.875432051471825456e+00,nan
1.156756300000000000e+07,4.348005232196788583e+00,4.243810828321094419e+01,7.812120887219148324e-02,2.254334241883668155e-02,2.636248222758106469e-02,3.996894217441780750e+00,4.526908968451408000e-01,nan
9.711269000000000000e+06,6.394490438510731067e+00,6.510559512885672007e+01,1.283854968784332029e-01,1.440892545929188355e-02,1.136314098392913335e-01,2.418796273664148622e+00,1.828882066345189461e+00,nan
1.087791500000000000e+07,2.245382983304407443e+00,1.785092338480502150e+01,9.540737326558708375e-02,3.136370869352998053e-02,1.522615220283516924e-01,3.373837312637911534e+00,4.177947125868555212e-01,nan
1.221564700000000000e+07,4.954529094658984611e+00,4.939642196716832956e+01,6.507070759987018671e-02,1.457220911024861495e-02,5.895334940292656922e-02,1.976044892611993564e+00,2.528924503171753102e+00,nan
9.405555000000000000e+06,2.519818316397317570e+00,1.831340928281835190e+01,7.987304020386322145e-01,5.130415403405817060e-02,7.696623202447411272e-02,3.245271648505784423e+00,-2.100943600954727319e+00,nan
9.652704000000000000e+06,1.462030412342459229e+01,1.877030360497489880e+02,1.919922194724245634e-01,1.577663900805488170e-02,2.936256740434315879e-02,4.232172900795990067e+00,2.944763892028225527e+00,nan
1.080106300000000000e+07,1.604955689248112449e+01,2.003855345575395290e+02,3.155305285733051024e-01,7.138421812231014046e-03,7.954682071050099557e-02,2.228253726552064773e+00,3.570370532908315742e+00,nan
5.023889000000000000e+06,5.344450910982167180e+00,5.418270497875414549e+01,1.175544843256940558e-01,1.133883439433976126e-02,6.149724163784354991e-02,1.939645969458077879e+00,1.601978199464257624e-01,nan
1.108737100000000000e+07,1.158133981075868313e+01,1.455513143692764970e+02,1.889874156377385206e-01,1.482786713851195690e-02,2.922214307187307250e-02,3.931309026109518712e+00,2.523284419591423688e+00,nan
1.152119700000000000e+07,6.174516810806538025e+00,6.790413801776324476e+01,8.984351306524517022e-02,1.103886467134731694e-02,1.311993057848425959e-01,2.128695930107673107e+00,2.829066875250071167e+00,nan
9.003765000000000000e+06,4.033610825470908878e+00,5.984810029278032317e+01,1.178984103913615744e+00,1.137148152727417497e-02,1.193115710973498222e+00,2.983006161430770575e+00,-7.225680304572100754e-01,nan
9.786625000000000000e+06,4.668535322893657025e+00,4.634629073565419333e+01,8.701513103479413536e-02,1.442164317626034101e-02,7.920652247278325842e-02,3.010243577572324636e+00,1.868176529482936221e+00,nan
1.135875500000000000e+07,3.996308248527077556e+00,3.659106289975505177e+01,1.723749124765221880e-02,1.709957702284449835e-02,7.725573124527770896e-02,2.101640051053904390e+00,1.586419059289578160e+00,nan
1.067044500000000000e+07,3.571258741345767262e+00,2.978745524911598963e+01,9.514614407828447806e-01,2.414997540490103692e-02,3.528823350731379038e-02,4.222537626204227124e+00,-3.994698905878845796e+00,nan
9.535399000000000000e+06,5.752204478691755440e+00,5.805476000211977805e+01,9.363062830072933773e-02,1.438660842851060585e-02,8.708522113294071831e-02,2.360654776454289117e+00,5.032795484530109276e-01,nan
9.574650000000000000e+06,2.286888181883741922e+01,1.073190379433213337e+02,-9.757779517401864666e+00,3.062255486121130410e-01,6.756596363889321166e-01,1.157290728350305997e+01,2.541422040785781711e+00,nan
9.080407000000000000e+06,4.718710499922215362e+00,4.556171128794574088e+01,7.320784609853765723e-02,1.382992782404214929e-02,1.426278303865781971e-01,2.370435543991456395e+00,1.782556908541125251e+00,nan
1.027264100000000000e+07,8.191039558165771339e+00,9.068042677720229960e+01,1.476740798624785189e-01,1.043732324569520906e-02,5.843838536013358509e-02,2.159009433380353560e+00,2.909173014761822440e+00,nan
8.742013000000000000e+06,3.188210248621327292e+00,2.533560752951564155e+01,-1.490205575638001156e-01,7.301102914263254973e-02,8.614417330512502691e-02,3.863679415479549295e+00,1.540039450925973830e+00,nan
5.857618000000000000e+06,6.317567367989046723e+00,7.201659892588725143e+01,1.012059551322367079e-01,8.683051599896915787e-03,6.276221781533401767e-02,2.148245218753129127e+00,2.185253156743882652e+00,nan
6.424157000000000000e+06,8.857805743855221792e+00,1.000862407593691614e+02,2.042418866611624140e-01,1.013690260350895260e-02,2.378542989053497592e-02,2.501122015061468140e+00,2.055492695061472475e+00,nan
7.674224000000000000e+06,1.075621840676289054e+01,1.308811503288663118e+02,2.229528236926598406e-01,1.033460091376127432e-02,1.386551752486157515e-02,2.635771867427020076e+00,2.458594618525367093e+00,nan
8.081278000000000000e+06,3.801780140380416118e+00,3.384979302689826852e+01,6.603373705204937383e-02,1.164375286291010649e-02,2.896587511660547037e-02,2.058243079097554773e+00,-6.862588353477154790e-01,nan
1.097385400000000000e+07,3.583266263734947277e+00,3.128819632486456115e+01,-4.448627633911992479e-02,2.087555750604940669e-02,8.213858060135330319e-02,2.749354256962204257e+00,1.513503914642196468e+00,nan
1.151849200000000000e+07,5.333471061686183567e+00,5.276417892970350465e+01,1.179580068171623974e-01,1.508385098404376075e-02,8.759141024694189204e-02,2.734852058883003867e+00,1.951683401325675193e+00,nan
5.172229000000000000e+06,5.378835205558951671e+00,3.940242244559988904e+01,-3.349716243731727161e+00,4.123820106346209324e-01,6.490160020765308735e-01,7.408114921981148626e+00,1.890456772607656211e+00,nan
9.596106000000000000e+06,2.642156626115203633e+00,2.068310624680848164e+01,9.543364797453997017e-01,1.701612780332322633e-02,1.290621024677651996e-01,2.007812000799538144e+00,-5.228148653169876425e+00,nan
1.135768600000000000e+07,5.847476053047015121e+00,5.619744884710472377e+01,9.988779302085884493e-02,1.683874973343396989e-02,8.450473240333324088e-02,2.381614669778885585e+00,2.041364926114049627e+00,nan
9.658793000000000000e+06,4.436856224640072455e+00,4.052536549591550852e+01,5.422224517319360754e-02,1.565287450309208253e-02,1.100258134627683515e-01,2.532640695355404592e+00,8.339577810421833215e-01,nan
6.765032000000000000e+06,1.486440630630341264e+00,6.979100382822155169e+00,4.455808222429662457e-01,5.845063842347073685e-02,1.454784876453588671e-01,4.668389550757260587e+00,-4.135088955161446478e+00,nan
9.351617000000000000e+06,4.357958406157445452e+00,3.934627789023306121e+01,-8.687121156580546177e-02,2.405293138949218465e-02,6.247916122823855833e-02,3.362733222678487621e+00,1.406281232558866723e+00,nan
8.675106000000000000e+06,6.613663642774784357e+00,7.298350778125407601e+01,1.079506047958915110e-01,1.842065114742438489e-02,6.254015812480588632e-02,4.374953561798952784e+00,2.083107028026521590e+00,nan
3.733028000000000000e+06,1.324812909965166341e+01,1.785450694661658133e+02,2.977302094373069363e-01,7.204469691350547794e-03,5.710630304574851324e-02,2.808578118077989849e+00,2.892572660875682544e+00,nan
9.145781000000000000e+06,1.774171299136160229e+01,2.413267714951941230e+02,3.131807008453317831e-01,8.410903889048516185e-03,1.261149557678853221e-02,3.363787758261688854e+00,2.163858738286491779e+00,nan
2.018392000000000000e+06,3.757787329635820406e+00,3.362290880685503680e+01,1.720811015655122900e-02,1.939556159320858855e-02,5.066339516870496662e-02,2.135532800687605093e+00,1.463850873804272590e+00,nan
1.136088600000000000e+07,4.185879479814523130e+00,4.614698719166130303e+01,9.588389140081966799e-02,8.858110684709775626e-03,-1.761532034766615309e-02,3.384317315152241878e+00,-1.921771196358756262e+00,nan
2.570384000000000000e+06,6.374625112772996260e+00,6.195851456963553261e+01,1.213207088148888085e-01,2.188280215267529930e-02,6.605565865636174594e-02,2.732456940625213271e+00,1.516455743521667676e+00,nan
2.569360000000000000e+06,2.715535100944828084e+00,2.151181592469573900e+01,9.780357534237787975e-01,1.828801429183824281e-02,1.442726930894481785e-01,1.939854269218865612e+00,-4.424521790659219356e+00,nan
7.109120000000000000e+06,5.953597662479023889e+00,6.071666049636856144e+01,1.117555462871030469e-01,1.428232406187245757e-02,5.474061438210280767e-02,1.949675949603355551e+00,1.407607705490860450e+00,nan
1.128793600000000000e+07,5.319103389289124628e+00,5.142805221405080829e+01,3.477844097726812134e-02,4.117161976102329951e-02,1.482076788560214020e-01,4.234854014554791490e+00,1.652450551421752234e+00,nan
1.099167300000000000e+07,4.364242390996527554e+00,4.188681570972482149e+01,5.395397301128540546e-02,1.441282661185520897e-02,1.143253807692445057e-01,2.199556801593413269e+00,1.867409046780411419e+00,nan
1.067801600000000000e+07,3.671804335352223614e+00,2.940060496423609848e+01,8.738645706161872750e-01,1.047866252327225717e-01,1.535837265024152520e-01,5.544267523572231404e+00,-4.784914978077484449e+00,nan
8.086192000000000000e+06,7.089085435948915936e+00,7.546296235546309106e+01,1.449949124451586357e-01,1.082258007530131211e-02,5.561147390966973691e-02,2.437540005813207955e+00,2.176279585306084119e+00,nan
1.221715400000000000e+07,4.646789552834072801e+00,4.753826361034285952e+01,-4.793968475345225522e-02,1.625276701160664750e-02,6.350911546454138246e-02,2.400047431641654239e+00,1.178731581084584201e+00,nan
1.039481400000000000e+07,2.524328613228434648e+01,2.083748699887045746e+02,1.523348815217688001e-01,9.855308257231319702e-03,5.528982419625827482e-02,2.372185931207353438e+00,3.066966835787579893e+00,nan
1.102837200000000000e+07,4.552833458902713737e+00,4.018172972362891926e+01,4.755759307050960727e-02,1.810412453920234171e-02,3.868994606251804219e-02,2.501905383170777597e+00,9.903092096453058879e-01,nan
1.125015200000000000e+07,3.559436927352603863e+00,3.007978110477009182e+01,-6.340043180534746248e-02,3.656864687084530191e-02,1.276797382494380961e-01,3.573507030965655584e+00,1.343221264389016900e+00,nan
1.117772700000000000e+07,3.757206703857763230e+00,3.122837344251797020e+01,3.896276718651991294e-02,2.387195220243396379e-02,7.834905681650279619e-02,2.806630048513346853e+00,1.093318489702937768e+00,nan
2.570172000000000000e+06,7.074490073021141079e+00,7.442869307672027901e+01,9.777285830291589097e-02,1.873320928198841592e-02,8.493805499605872056e-02,2.938126552731206154e+00,1.699760292482211277e+00,nan
8.612520000000000000e+06,4.219699388205633284e+00,4.251887117002500105e+01,3.013071775972697708e-02,1.272089655832353387e-02,9.102661587887020400e-02,2.292737553517397053e+00,1.139432434703711472e+00,nan
1.102733700000000000e+07,3.900442801865479758e+00,3.389359825831545692e+01,-1.143469657018898744e-01,4.111230162982062314e-02,8.542467611485558832e-02,4.160843713604156946e+00,1.816786691036936574e+00,nan
8.867740000000000000e+06,2.951496046742507318e+00,2.224265247957569969e+01,-3.351495545770968171e-02,2.511880576322035943e-02,1.246943659329064757e-01,2.274051306536834183e+00,-3.069731655745477350e-01,nan
1.097918100000000000e+07,1.730146657053813763e+00,1.010253101759138872e+01,3.758557625930212809e-01,5.577606378325543346e-03,1.898831268975401387e-01,2.667701932203081050e+00,-4.197602696026142333e+00,nan
3.744043000000000000e+06,9.899431936043262326e+00,1.127467715173880123e+02,1.831884117086602370e-01,1.153852953581863475e-02,4.882459555632351345e-02,2.781569367356580447e+00,2.831116648126849711e+00,nan
1.144179700000000000e+07,5.824021993704817213e+00,5.769778214049071607e+01,8.601075329509237644e-02,1.514019722926232027e-02,8.976870997193421575e-02,2.298095396119987921e+00,4.534877844741502101e-02,nan
8.822689000000000000e+06,5.030159746040110846e+00,5.483745319764329196e+01,5.386627997999780815e-02,6.935357927952929408e-03,5.787776092076133555e-02,2.141696906729233074e+00,3.532738634389795962e-01,nan
1.102021100000000000e+07,9.897043783617316848e+00,1.074052567631106001e+02,2.040491550346152094e-01,1.024260871535005377e-02,7.720566987575258611e-02,2.245259933179620138e+00,2.308871276030088904e+00,nan
1.055042900000000000e+07,1.068871955542943297e+01,1.354414501203777661e+02,2.336490470397143693e-01,8.527587956569588831e-03,5.343406970046893356e-02,2.341708943936625431e+00,3.711835652091413529e+00,nan
1.135331300000000000e+07,1.078036695455226557e+01,1.261316038318030053e+02,1.555337855280758963e-01,1.354947353599967805e-02,2.724347949006161729e-02,3.079359008276726595e+00,2.216728699243435852e+00,nan
6.768319000000000000e+06,5.574126238813986056e+00,5.390651609851472159e+01,9.786347034139063206e-02,1.569070737754298811e-02,6.982273373949558770e-02,2.309834331537876650e+00,2.008861346901550160e+00,nan
5.112361000000000000e+06,6.149005977168157777e+00,7.035306146117251558e+01,1.183026796888368565e-01,7.979936265762760730e-03,2.533839479373440826e-02,3.030329677013651413e+00,1.789154194011344456e+00,nan
9.205705000000000000e+06,3.170618960505152462e+00,2.566879670547496417e+01,9.165651132724208505e-01,4.012335833019125414e-02,8.561490182674993954e-02,3.648197618048770519e+00,-2.135965152675173284e-01,nan
5.689606000000000000e+06,3.970693869711447999e+00,4.488317524134636471e+01,5.010354251658450941e-01,-5.206590523514342816e-02,3.039350798401379006e-01,4.844926663935944511e+00,-5.527043955683914878e-02,nan
1.133788300000000000e+07,1.163214301770044656e+01,1.508139681529870302e+02,2.423656559586925829e-01,5.307632690943777515e-03,7.566116526921613794e-02,2.130783429767263648e+00,2.505141502039919921e+00,nan
4.140726000000000000e+06,4.959593212837704712e+00,5.073136379990096145e+01,8.162986742594971479e-02,1.150634818007474289e-02,6.006146365184380359e-02,1.689492289292271687e+00,1.991687126645587780e+00,nan
1.176918200000000000e+07,4.593871189806582933e+00,4.382098726822471946e+01,4.797883783288904580e-02,1.613027441574571216e-02,1.010444129744543229e-01,2.283454279738909243e+00,1.684677261674834226e+00,nan
5.168713000000000000e+06,4.766814857559109164e+00,4.221075851477142038e+01,7.516472369175902779e-02,1.740575850172278519e-02,2.825687960652896111e-02,1.943507272223166993e+00,1.205883420509837212e+00,nan
1.192491900000000000e+07,9.328462436769530797e+00,1.160410218541472460e+02,1.970018239550639372e-01,8.492629281307735589e-03,4.544688333707170430e-02,2.694108996964414970e+00,2.987379597690209998e+00,nan
5.112948000000000000e+06,4.263767485413505476e+00,4.247495564569532434e+01,6.374055492197272521e-02,1.212739215755253078e-02,2.625648823563260861e-02,3.286666234105734663e+00,8.593406889241876900e-01,nan
9.267654000000000000e+06,1.037239686596744903e+01,1.186136459943445800e+02,1.555736700259700289e-01,1.266911586145113948e-02,8.778527149449279199e-02,1.546197786314090772e+00,1.876650737793702950e+00,nan
9.163785000000000000e+06,4.753678984820957076e+00,4.714340161563119835e+01,-5.976503204942375941e-02,2.824784870426129413e-02,4.724923295569664894e-02,4.401095898195441336e+00,1.829211695657442682e+00,nan
9.716866000000000000e+06,3.738814885822246747e+00,3.238869806286271569e+01,3.012800006720650885e-03,1.445107135904922027e-02,7.938794445875256567e-02,2.196181504490743119e+00,1.884287718918093768e+00,nan
8.283356000000000000e+06,1.118785395973630692e+01,1.356616945585145686e+02,2.414104154060486285e-01,9.969928446401786493e-03,1.168237653086269395e-01,2.400261495294900627e+00,2.835409458340240718e+00,nan
9.882316000000000000e+06,1.363876520750692656e+01,1.818713186443377765e+02,2.961465330798339068e-01,6.213348606049518344e-03,3.722367295924580016e-02,2.179638754509104270e+00,2.514887548578953247e+00,nan
1.059307800000000000e+07,1.549327555204756379e+01,2.075496303493574715e+02,1.629370699927981392e-01,1.684574332231023736e-02,3.373452417365169209e-02,5.205779452656625672e+00,2.444746928427822041e+00,nan
3.633152000000000000e+06,3.984190787981691351e+00,3.339060350489231155e+01,3.183660456243214698e-02,1.884596526723862631e-02,9.249792668679392149e-02,2.026828932763340418e+00,1.681945024714302184e+00,nan
7.670489000000000000e+06,4.045216769079778452e+00,3.518889086600369609e+01,1.221935977074453498e-02,1.656367333862097252e-02,1.055115838932070282e-01,2.742438646445802597e+00,1.061501602691740764e+00,nan
2.307683000000000000e+06,4.300501172565120989e+00,4.008541612204833626e+01,2.394705438005429246e-02,1.668505554477838632e-02,1.363639862423757787e-01,2.301201428948119965e+00,1.310552507617627427e+00,nan
2.436900000000000000e+06,4.022788364827475149e+00,3.565767368924252168e+01,3.587503015855381810e-02,1.821953008780102801e-02,6.219882307228879331e-02,2.135841720225900797e+00,9.511159986513871845e-01,nan
1.061460200000000000e+07,2.584054689184577480e+00,1.836480290645896218e+01,4.024888586413579716e-01,6.302310535168718919e-02,2.118466976425112114e-01,5.495572967852336177e+00,-3.534177827988306930e+00,nan
4.168909000000000000e+06,1.165526204052475912e+01,1.433679658556173138e+02,1.593096230359123955e-01,2.189791238103332843e-02,4.026697342761853537e-02,4.869971720857316555e+00,2.236876551895818910e+00,nan
6.935260000000000000e+06,4.600222527407254347e+00,4.297728965530887280e+01,-2.251020319893090160e-03,2.054076127862084281e-02,7.478635538753738987e-02,3.670134620522397029e+00,1.471813955821979381e+00,nan
2.437507000000000000e+06,2.587122729830198420e+00,2.057032093976098963e+01,8.558830111364946758e-01,5.938602687434092753e-02,4.890931036284734135e-01,1.803417348944034604e+00,-2.984830358718776999e+00,nan
7.518352000000000000e+06,7.508866634920473793e+00,7.695054480707389644e+01,2.890385850333571788e-02,2.715882324883510390e-02,4.010600022441642570e-02,4.340763098627268057e+00,2.116181133455192320e+00,nan
9.395535000000000000e+06,2.866533345891109530e+00,2.243522037866995689e+01,3.484996414150969002e-02,6.531126965628412939e-02,1.117433524044492699e-01,3.921305450580648166e+00,4.065211510191081290e-01,nan
9.451999000000000000e+06,4.163710800511303489e+00,3.423746216945126974e+01,-1.750444670723634230e-02,1.657887221459557539e-02,7.040090082547653672e-02,3.534002592821651412e+00,2.710986994630502633e-01,nan
9.143834000000000000e+06,2.355022819447230908e+00,1.580141786311288854e+01,4.680164087739889234e-01,1.561474985923693715e-01,1.833245136418773513e-01,5.427826505049290873e+00,-4.503173167690329493e+00,nan
9.269772000000000000e+06,5.893866241406664486e+00,5.883171576491548649e+01,1.470718070418496615e-01,1.467562275966224211e-02,7.072256932871250068e-02,2.925209493105699110e+00,1.910388284572251072e+00,nan
2.438333000000000000e+06,6.031180057225257407e+00,6.098769910291989049e+01,1.306926330779440149e-01,2.852220632813467008e-02,4.507142931326029583e-02,4.069549925806294155e+00,1.169316616445752022e+00,nan
1.113685400000000000e+07,7.304097731665871507e+00,9.319371335763290176e+01,6.056387714106843678e-02,1.223329518296488970e-02,7.433200066189339650e-02,4.002733173508089770e+00,1.203968898381991171e+00,nan
6.843557000000000000e+06,4.829868156394689471e+00,4.829830776342228660e+01,5.245748390811265371e-02,9.891889373385753803e-03,1.892788459220803160e-02,2.387866897446139003e+00,2.103260449881805272e+00,nan
1.084954100000000000e+07,2.826345416083342776e+00,2.156592083907581170e+01,9.396614430008115582e-01,8.650084929916461440e-02,1.691060892093971535e-01,5.666513983336377791e+00,-4.147399817483061746e+00,nan
3.526061000000000000e+06,1.070014484498355500e+01,1.300037628655456672e+02,2.346395131092528785e-01,8.250331951146413004e-03,1.227232702355708083e-01,2.316013394887326271e+00,2.783712340125657825e+00,nan
1.125113600000000000e+07,3.186073896672515726e+00,2.895005794864513149e+01,2.822709159587750288e-02,1.775194292082791364e-02,1.146628837478063379e-01,2.112166690005565339e+00,6.620433694215314135e-01,nan
6.681414000000000000e+06,4.557686815679816483e+00,3.961279781577332670e+01,9.780409999329686688e-02,1.530367223793511339e-02,5.785758963368734659e-02,2.215958165694753124e+00,1.147625715612164088e+00,nan
1.022627600000000000e+07,6.045492005232474320e+00,6.190993814340702528e+01,1.105794071027502573e-01,1.340062747311887223e-02,4.071884032911746165e-02,2.771533318141501834e+00,2.429164546225974775e+00,nan
6.431941000000000000e+06,2.792387435963496145e+00,2.103485588742789503e+01,-3.229954405070866591e-02,1.985650465157199479e-02,1.775992785066372592e-01,1.868553905460330178e+00,1.509311186751073119e+00,nan
1.108402200000000000e+07,4.623890235137376514e+00,4.500667157295935539e+01,5.617940809220032389e-02,3.201077630557003922e-02,1.465966123175271030e-01,3.278348157318653922e+00,1.552886436035657569e+00,nan
1.162148600000000000e+07,4.043102219641595774e+00,3.636467880530504004e+01,-1.771607881155380301e-02,1.077077444157316551e-02,5.042649162534035279e-02,2.039357421903890799e+00,1.338341430248545461e+00,nan
1.125013900000000000e+07,4.587594509591090386e+00,3.985514885923120687e+01,7.242778101474700581e-02,1.852161821679804837e-02,4.808676435452186732e-02,2.499335824793273986e+00,1.781299012101198009e+00,nan
4.041405000000000000e+06,2.569775881806138251e+00,1.877944086620595598e+01,-6.750562920208443007e-02,2.675010028000029613e-02,5.867636797835421025e-02,2.394308536435198143e+00,1.508878127606650077e+00,nan
1.014527900000000000e+07,3.546402852000750894e+00,3.068830463325236124e+01,4.721124233978962054e-02,1.383380641141668428e-02,1.148741593489323726e-01,2.379676317820306863e+00,7.143994674783543664e-01,nan
9.028321000000000000e+06,4.717378158201174898e+00,4.673573243843833325e+01,7.695378610524891694e-02,1.765662824244074516e-02,1.520220722803437494e-02,2.824377362363837740e+00,1.879471486564348703e+00,nan
4.545474000000000000e+06,3.871362158713810064e+00,3.789859329622436235e+01,1.317386633852129715e-02,3.770390090456853666e-02,9.712681814947109193e-02,4.325348827595094647e+00,8.735034304737507860e-01,nan
5.112481000000000000e+06,9.231891857142319191e-01,5.679785193982776370e+00,5.048309140194707778e-01,1.163636977743196799e-01,1.703707644860505965e-01,3.364648115921379468e+00,-4.556216542310234097e+00,nan
6.851499000000000000e+06,5.609399291901824292e+00,5.243008288214080892e+01,1.195758900545777909e-01,1.439915395894275987e-02,6.461683046453538248e-02,2.293753025600935747e+00,1.206977574908587147e+00,nan
1.012320700000000000e+07,1.383795821741760079e+01,1.611176149315645034e+02,9.526479954261835026e-02,2.178585527291098528e-02,4.755599898584514373e-02,4.163183660449005785e+00,2.865316780078240644e+00,nan
6.181896000000000000e+06,6.498115982246638112e+00,7.090532327277365710e+01,6.752881241914315824e-02,1.206631524671270862e-02,6.906246723513317920e-02,2.497959992059616496e+00,2.601737468431660982e+00,nan
1.025727800000000000e+07,1.226261950039378767e+01,1.495572607463291774e+02,1.197343049489208444e-01,2.225612071982282017e-02,5.541744851945206579e-02,4.546398461366198518e+00,2.592726723478588013e+00,nan
5.858947000000000000e+06,1.457795220669265213e+01,1.706952969983580886e+02,2.479294695260437498e-01,9.017633427416165554e-03,3.179149627303559655e-02,2.728914701727074288e+00,1.070434912458396504e+00,nan
1.200516200000000000e+07,1.289829615982467459e+01,1.609461627269795088e+02,2.542196289779440344e-01,8.914704221244493937e-03,4.309654299205594591e-02,1.747209985784449193e+00,4.409635504778112391e+00,nan
1.186909500000000000e+07,5.349138410303234004e+00,5.595227579482683211e+01,1.276238952637534230e-01,1.293836396096386537e-02,8.207432905505125664e-02,2.443648435010624453e+00,1.286318341211481364e+00,nan
4.543229000000000000e+06,3.162902764248675336e+00,2.542315451663218084e+01,-4.847852430577714172e-02,2.479350087141275749e-02,6.799502458578814135e-02,2.025968390814953501e+00,2.163895385871122290e+00,nan
3.642038000000000000e+06,4.255444636646734224e+00,4.063561103569473687e+01,1.580157747619967412e-02,3.066482950147672235e-02,6.202799731728909222e-02,4.101572908201627676e+00,1.370987595390548597e+00,nan
1.135095400000000000e+07,2.477674555541276913e+00,2.088507942362782543e+01,6.859879156026250646e-01,4.415630971593775822e-02,7.882417155463487812e-02,4.204267869422999127e+00,-1.999655205075302256e+00,nan
8.285510000000000000e+06,3.084378241539961873e+00,2.447750194894075548e+01,-1.115519190440052016e-01,6.059576382617400114e-02,1.433506365056918808e-01,3.540405101949506417e+00,9.289309187192162920e-01,nan
7.950550000000000000e+06,5.691818917926442012e+00,6.228566769741215836e+01,-1.358961181858292733e+00,1.121804527514726479e-01,1.985592847024266749e-01,3.924678600202260448e+00,1.071984356764629442e+00,nan
6.144777000000000000e+06,1.106803995239162930e+01,1.297101101756506978e+02,1.190689058549724011e-01,2.122544024227734569e-02,3.654675490221657302e-02,4.706486564140621276e+00,2.198199589664168396e+00,nan
5.168382000000000000e+06,1.707076584193491797e+01,2.188103374244628299e+02,2.428366292697622386e-01,1.797245605777430047e-02,2.683886645548988481e-02,6.024385893973096096e+00,2.024146389760387521e+00,nan
1.097974200000000000e+07,6.763956254001411317e+00,7.323035758611763413e+01,1.156583898187933390e-01,1.233695783668054512e-02,1.730819650368683182e-01,2.149590675483837643e+00,2.288303768591928300e+00,nan
8.677342000000000000e+06,5.201712813902077848e+00,5.224759038083083595e+01,9.681346079206917810e-02,1.019318083722492094e-02,5.056163465334750917e-02,2.541380119276513305e+00,1.808696515404206284e+00,nan
8.742545000000000000e+06,1.230647288388569649e+01,1.436203867329529658e+02,2.354463599964035925e-01,1.116588137171996460e-02,5.220185749559618643e-02,2.651480405817398189e+00,3.466637608844614693e+00,nan
9.967351000000000000e+06,5.701214048596736639e+00,6.054200593824393906e+01,9.022647558939994594e-02,1.191427486409471839e-02,8.365334749589678487e-02,2.344577461601829338e+00,1.856816182469669174e+00,nan
9.640886000000000000e+06,3.964489096988510930e+00,3.520262853586755369e+01,8.269616104707260690e-03,1.418030295373065054e-02,1.141455729693145738e-01,2.130728246131688319e+00,1.385556661192894667e+00,nan
2.831788000000000000e+06,5.487195211867849309e+00,5.454195825076133985e+01,6.180982299769980336e-03,2.893475686240267256e-02,4.172437711854522918e-02,4.038867284976821459e+00,6.060697026737161819e-01,nan
1.130878400000000000e+07,6.152135588970682356e+00,6.197801367242007586e+01,1.367792656272400209e-01,1.391265223263247683e-02,3.824617165214848347e-02,2.185394417973404835e+00,2.842399381872106723e+00,nan
1.061025000000000000e+07,1.259720305122400497e+01,1.540299172440024336e+02,2.698316823219522598e-01,9.383601958213860783e-03,8.472568630587309912e-02,2.503026170856648136e+00,2.821063545052736821e+00,nan
8.565016000000000000e+06,6.085259412337789442e+00,6.139740754558759050e+01,2.517396041145275251e-02,2.969953623488974168e-02,1.081960181988954744e-01,4.015316095477833969e+00,2.566031884801549534e+00,nan
1.231492700000000000e+07,2.063534119591715843e+00,1.459050178689692601e+01,5.984858837858654246e-01,4.872800976143683294e-02,1.754184189654698356e-01,3.979689685305264568e+00,-2.094127046464581809e+00,nan
4.350501000000000000e+06,2.076370390374974306e+01,1.345756825941361399e+02,-5.281683415097556455e+00,3.271510881320088826e-01,8.062737457563565746e-01,1.293281092989950132e+01,3.448696667328795318e+00,nan
7.619745000000000000e+06,1.314959976302448297e+01,1.709507798480360918e+02,2.074556979507212462e-01,1.520051434736453821e-02,2.254836410301931660e-02,4.051150272148819731e+00,1.706549908558361972e+00,nan
9.228469000000000000e+06,9.244851267700163078e+00,1.059116969318306332e+02,1.559778020451209612e-01,1.509275774614612584e-02,6.655183851464557820e-02,2.265310862973166639e+00,2.867680852832342087e+00,nan
9.335518000000000000e+06,9.100356060882527132e+00,1.039629496465634588e+02,2.204681389796259994e-01,1.038774632218403791e-02,5.042814690483855833e-02,2.030082456251447898e+00,2.636368637342248356e+00,nan
1.088181000000000000e+07,1.202115699051860886e+01,1.499538357349142359e+02,6.264532393687961831e-02,2.213903237075174474e-02,6.707695059282632599e-02,4.247277670509150838e+00,1.777629317639046747e+00,nan
1.020218400000000000e+07,1.274512333472607395e+01,1.600729498497775580e+02,2.482545100477752675e-01,1.062399604531089232e-02,1.260073138842020546e-01,2.088193648923464263e+00,3.654619673161686677e+00,nan
9.728284000000000000e+06,4.976108973296963889e+00,4.772005156775130530e+01,-1.474096267824273332e-01,4.630150455445470464e-02,1.040198557983354616e-01,4.043233486140575650e+00,1.990338487580382010e+00,nan
9.579860000000000000e+06,5.884500888257310436e+00,5.552110715525800799e+01,9.401519514958686652e-02,1.544603295266177428e-02,8.619397050303348462e-02,2.142600843334202754e+00,1.523336681018254479e+00,nan
1.029153500000000000e+07,8.563618751154827180e+00,1.166792476507479250e+02,1.573058471396030777e-01,8.275492970241901322e-03,4.834143788086553428e-02,2.476307196005039124e+00,3.926663352148198616e+00,nan
9.764708000000000000e+06,2.867250868788305151e+00,3.128650594454465050e+01,5.472403709684400264e-01,-3.074492394105221918e-02,3.636807532812773580e-01,3.871588482576647117e+00,-8.124029452202087276e-01,nan
7.672405000000000000e+06,1.895521419262140128e+00,1.411932587449859078e+01,7.327134072276939580e-01,5.932949150184827630e-02,9.456590022571317866e-02,5.535838757877990624e+00,-4.953054827355889422e+00,nan
4.057744000000000000e+06,2.864354799065279344e+00,2.564387632808834994e+01,1.021327372377103915e+00,1.914818808150119470e-02,5.473458062492396470e-02,2.545434449638815266e+00,-4.317693076398563257e+00,nan
1.145644900000000000e+07,9.368565186325739091e+00,1.146511272773991124e+02,1.968432429130560768e-01,7.191539738976594591e-03,4.987091811340237102e-02,1.873268782496098073e+00,3.260084039259405930e+00,nan
1.433730000000000000e+06,4.058298855129745419e+00,3.988380875815063575e+01,4.699978874748076546e-02,1.462686569083278439e-02,7.000031386354738094e-02,2.460723997627495940e+00,1.532911748906743421e+00,nan
1.231491000000000000e+07,2.878445909628019717e+00,2.248361520618841780e+01,1.050429757944197073e-01,8.094330740633944032e-02,1.154766933932055428e-01,3.559567889482071035e+00,7.392214038043957158e-01,nan
1.052471500000000000e+07,6.291517503798747413e+00,6.442063703063878677e+01,1.188893818674265773e-01,1.344966660416358276e-02,6.800771761955005934e-02,2.170856864271397235e+00,2.490381005833887773e+00,nan
8.283646000000000000e+06,6.127833688692521541e+00,6.640229822837966367e+01,8.587098840189767712e-02,1.355556733141323640e-02,7.439933414460032923e-02,2.380452948496353471e+00,2.261570018575619123e+00,nan
6.262867000000000000e+06,3.739050500847076464e+00,3.080534670415954324e+01,2.598751255649775493e-02,1.715899565872944579e-02,1.041707164540181113e-01,2.407124827108277909e+00,9.447417030845964847e-01,nan
9.456478000000000000e+06,2.541871314683089356e+00,1.968786155099714819e+01,-4.491180843925973026e-02,2.371734316127433601e-02,1.355492130429741815e-01,2.013612098493717806e+00,2.897011412763343396e-01,nan
4.262505000000000000e+06,7.960625818405205223e+00,8.938448359185245806e+01,1.017221704932121107e-01,2.181429608145061400e-02,1.105479575601275438e-01,4.023404186049862830e+00,2.740845114009461181e+00,nan
1.045969600000000000e+07,5.867717911019460608e+00,6.166963918646607112e+01,8.288846622361434324e-02,1.334592319338053640e-02,4.655831994725250639e-02,2.529068489275088094e+00,2.129737671606173333e+00,nan
1.171632600000000000e+07,1.676074646178295424e+01,2.229986531018258802e+02,3.341746260054523909e-01,7.266175997624469730e-03,5.964064313908865045e-02,2.539051206042974407e+00,2.922342328784793164e+00,nan
1.136176500000000000e+07,9.219093719619124272e+00,1.040937438670990076e+02,1.738206469865556658e-01,1.433383845969153809e-02,7.484818806994170126e-02,3.379011957921399301e+00,2.425370236836651205e+00,nan
1.112667300000000000e+07,5.663613927751001142e+00,5.582949079363609002e+01,2.533105212863167796e-02,3.675042144346876705e-02,6.953443930056191213e-02,4.897134649919020255e+00,1.717905839188293982e+00,nan
6.117517000000000000e+06,1.011226491877674150e+01,1.199616322988607351e+02,2.255216116835210560e-01,1.033368363116519105e-02,5.507164080011483359e-02,2.604210001065948799e+00,2.261758000279064706e+00,nan
8.934264000000000000e+06,1.445148570580490066e+00,8.628249794149274621e+00,5.431521436173146755e-01,1.279232408657929032e-01,1.566691197565227844e-01,4.293068552472607990e+00,-3.929259173363765623e+00,nan
8.283958000000000000e+06,3.995670984121319602e+00,3.578688982541870445e+01,8.003871272416996155e-03,1.624819668238000961e-02,1.084690101811147667e-01,2.197735354883265657e+00,4.757238163255083641e-01,nan
8.350645000000000000e+06,5.244550458335109688e+00,5.419652336011110805e+01,7.491605460576949982e-02,1.488524341458513645e-02,7.441770440456896285e-02,2.259850531277829422e+00,1.252548146673240881e+00,nan
1.086471100000000000e+07,4.854958403691929547e+00,4.520646155892065821e+01,7.708392922743712017e-02,1.379401542434190685e-02,1.148062873944095119e-01,2.214717023563010478e+00,1.196150091827219208e+00,nan
1.020732100000000000e+07,6.717569628338930343e+00,6.507594993756437418e+01,5.969059672150429235e-02,3.112514860645456891e-02,6.049063165544373011e-02,3.947104984443847275e+00,2.079182243290891297e+00,nan
1.015921700000000000e+07,5.432472256958321921e+00,5.464758504943812767e+01,1.060537724375987673e-01,1.582497247945949953e-02,8.399482310236673632e-02,2.141062174302593935e+00,1.597711212645405610e+00,nan
2.569618000000000000e+06,5.632248828691400533e+00,5.560809852160344491e+01,8.735881027091282891e-02,3.318946634100451709e-02,1.064064209591940591e-01,4.835161164991162330e+00,1.557584633238795924e+00,nan
1.118046800000000000e+07,5.003569583135176302e+00,5.145037308143642463e+01,1.347880401399693673e-01,1.378690784163610558e-02,1.292705318526851666e-01,1.570466170246490600e+00,2.206126033980829515e+00,nan
3.527032000000000000e+06,4.544108396445269094e+00,4.301389177100175232e+01,4.632940704299833012e-02,1.591397431605254612e-02,9.454861874985837078e-02,2.131312786350286537e+00,1.641409808899951139e+00,nan
9.002344000000000000e+06,4.355970956555200502e+00,4.337025699378112620e+01,6.347682517743928610e-02,1.437062794671569929e-02,2.506496545322380726e-02,2.659592292090071197e+00,-5.806325900348861813e-02,nan
6.590363000000000000e+06,3.624989065783448261e+00,3.142190840493469750e+01,-7.587506985419475991e-02,4.247908758515141214e-02,1.043424565052752523e-01,3.795916312468094134e+00,1.096086268092011151e+00,nan
6.101471000000000000e+06,9.212051414479629941e+00,1.055417699986077480e+02,1.861219088172706426e-01,9.875499190659364421e-03,2.622226333246858304e-02,2.459533269335373529e+00,2.465242236953264943e+00,nan
1.156093900000000000e+07,1.245277265690710067e+01,1.626562452449309717e+02,2.197111686450162749e-01,1.023999528737963571e-02,7.469707995893935804e-02,1.559808187178584493e+00,1.516076662077095127e+00,nan
8.154383000000000000e+06,6.384161818525935672e+00,6.679319050588264872e+01,9.109059357523680012e-02,2.267848747109027854e-02,4.148403294735184682e-02,3.976032547136959749e+00,1.771055671147817812e+00,nan
1.104557200000000000e+07,5.999657646691728630e+00,6.419790460795179854e+01,1.096845490887135566e-01,7.628003526640510235e-03,8.898490866906547114e-02,1.796653672416895997e+00,1.636533870371827071e+00,nan
9.511938000000000000e+06,4.895734174693626706e+00,4.910332038979698410e+01,9.630857948921195399e-02,1.255267897669322050e-02,8.304346073124339866e-02,1.625381126298012013e+00,1.182519522383653321e+00,nan
1.002343900000000000e+07,6.481236592545053909e+00,6.507122724090460508e+01,9.322552481382111178e-02,1.913363336245013646e-02,5.389779650983309717e-02,2.984514810185309841e+00,2.404730030600412682e+00,nan
1.052559500000000000e+07,7.143754477535797953e+00,1.170028379053205896e+02,9.996151574997765854e-01,-1.017594392429315431e-01,3.158747788412415991e-01,5.432224373884561253e+00,-3.252257998918020476e+00,nan
1.002532100000000000e+07,1.046080331833947419e+01,1.316696905646976177e+02,2.077794585409928063e-01,8.798940559668519748e-03,2.874828126183329863e-02,2.354628568773467379e+00,3.884200551454783934e+00,nan
1.086641500000000000e+07,8.748303152608444933e+00,9.538405119274213462e+01,1.903997952475713074e-01,1.124481562716003399e-02,1.277759731583621161e-01,2.022820438186819558e+00,2.237910781770810598e+00,nan
3.424105000000000000e+06,5.140888062653472090e+00,5.152723724851814069e+01,9.135698382996440547e-02,1.135022381964015045e-02,7.615284539909408790e-02,1.792879522001258108e+00,1.279576900912287485e+00,nan
9.711349000000000000e+06,2.191588936124252207e+00,1.483516262869163249e+01,8.709658883006929919e-01,-4.349626269658423555e-02,1.205826287455769308e-01,5.803308120186658314e+00,-2.295550416335721877e+00,nan
9.291830000000000000e+06,4.393981192367980348e+00,4.676400274106092070e+01,-1.123002543750391269e-02,1.511593432768788825e-02,3.470837964176490265e-02,3.696258689633749484e+00,7.666063508870437637e-01,nan
4.906950000000000000e+06,5.206538735745771973e+00,5.343540496703231923e+01,1.319164949968490708e-01,9.298988104997589835e-03,1.377076303897421528e-01,2.031878463612404317e+00,2.678501176212956914e+00,nan
9.883123000000000000e+06,8.317336076698593317e+00,9.449628526461580691e+01,5.320946446755586007e-02,2.191891659125408398e-02,2.765807166486259489e-02,4.439487903299701443e+00,1.502042999764093167e+00,nan
1.151379800000000000e+07,8.328794985375274962e+00,9.166372284775569312e+01,1.885905559029192324e-01,1.122238131372525587e-02,5.909472842938209847e-02,2.294797286680507753e+00,2.493469848450053039e+00,nan
8.718745000000000000e+06,1.035790095564301438e+01,1.295089705559025219e+02,4.442535596019807076e-01,-1.183217301541528987e-01,2.710166922837797809e-01,4.321084109098595860e+00,-3.376706193685846680e-01,nan
1.013629100000000000e+07,4.088422791313428561e+00,3.404527134629297080e+01,-5.520149119378180841e-02,4.645353965311646571e-02,8.766311129247020273e-02,3.700549082209597884e+00,1.468266501293594706e+00,nan
8.284032000000000000e+06,4.271727552875804967e+00,3.899230399575390038e+01,4.932624639856025145e-02,1.287673887391129618e-02,6.939969968417694646e-02,2.042388474344153604e+00,1.265519877142046834e+00,nan
9.713617000000000000e+06,1.251029868072973095e+01,1.556629502278349548e+02,2.712907620338542714e-01,1.033668813141206365e-02,6.107343322450235062e-02,2.937369975388102628e+00,2.722744455177279477e+00,nan
9.706194000000000000e+06,3.267526360326658441e+00,2.675789152483088884e+01,-2.106914574700829296e-02,2.140389706394989905e-02,1.618942281022802965e-01,2.301864803998641129e+00,1.074596949030386828e+00,nan
5.774568000000000000e+06,8.869344291597839103e+00,1.124834766312314827e+02,1.225469435304303162e-01,-5.305323824448443526e-02,4.905339780714055742e+00,2.026105061283778319e+00,1.714348684259493494e+00,nan
9.583720000000000000e+06,5.682017217292068878e+00,5.638612628405586236e+01,7.698903204724535931e-02,1.799796970514119451e-02,1.041879359213508799e-01,2.523721186386890913e+00,2.878593041982645317e+00,nan
8.737032000000000000e+06,4.429113731099442397e+00,4.275150036069549486e+01,1.341678607293434779e-02,1.511211194530388303e-02,1.138593043089301954e-01,2.172603786701653661e+00,2.267538941699092092e+00,nan
3.527891000000000000e+06,3.503675162094562534e+00,3.124460510533449309e+01,7.314869094803573557e-02,1.466653572849752930e-02,1.262695054468252753e-01,2.249693416261581813e+00,1.204296333056317642e-01,nan
6.262706000000000000e+06,5.702212443888490689e+00,5.875526067493464666e+01,7.729507954798102431e-02,1.426191399653633542e-02,4.272842590532683477e-02,2.394738430606076829e+00,1.191471545934746912e+00,nan
1.212023000000000000e+07,5.303516312047610093e+00,5.042741612412691410e+01,7.067194671429820330e-03,3.757737206241926198e-02,9.632526003945665605e-02,3.868411738477235406e+00,1.567696033461156713e+00,nan
2.436209000000000000e+06,5.727872177684347754e+00,5.749884593495760754e+01,7.360072054483225712e-02,1.745632846268324601e-02,4.635288570659621549e-02,2.293734410547311420e+00,2.743251327489534930e+00,nan
6.928997000000000000e+06,9.998736855133815382e+00,1.231408250232349246e+02,2.491284454378010771e-01,8.278671145766306610e-03,1.128131546040765237e-01,2.215417561923604062e+00,3.108909864974639170e+00,nan
2.437496000000000000e+06,8.758892213982200081e-01,4.556116134223541003e+00,5.215895332294525621e-01,1.372052057987500559e-03,1.638829897178072925e-01,2.692530283258702362e+00,-4.803777374738365857e+00,nan
1.172242400000000000e+07,2.758287209461142808e+00,2.351040378949708654e+01,7.705002751925194016e-01,5.186584435028171458e-02,6.015612041552395595e-02,6.517525145447081947e+00,-4.757266121550896010e+00,nan
3.120486000000000000e+06,1.064536794804821795e+01,1.396742648563163698e+02,2.034729985792332607e-01,8.336973982287330595e-03,4.098181553555379358e-02,2.528086426564049471e+00,2.836457951893193830e+00,nan
1.129877600000000000e+07,4.521606006878449158e+00,4.013519684080122829e+01,5.067276976134269667e-02,1.894439623886004162e-02,7.186443008275986144e-02,2.030989282098883741e+00,-2.570309937528665878e-01,nan
3.633057000000000000e+06,5.267952697770240889e+00,5.083376446304804119e+01,-4.342891391630387954e-02,3.915594529942617585e-02,5.589319474405048810e-02,4.775164936781782110e+00,1.839937156262092310e+00,nan
1.170416300000000000e+07,4.788228850890984489e+00,4.615420585330271308e+01,5.160530311008443283e-02,1.531241830846923925e-02,9.992983969326069138e-02,2.304731390931656687e+00,1.948291941887919876e+00,nan
1.128982200000000000e+07,6.755380092284587690e+00,7.212245177681559483e+01,1.354847916457651291e-01,1.418485534384810592e-02,9.650829439150815370e-02,2.343744310925921059e+00,1.784953345703781613e+00,nan
2.140446000000000000e+06,5.654407105597356598e+00,5.757498039762848663e+01,1.135934166608148638e-01,1.212271364553513253e-02,1.328726461229796652e-01,1.855724954609351718e+00,1.596710025540637234e+00,nan
3.443483000000000000e+06,1.073328842809579342e+01,1.351172040471814739e+02,1.046412320909806959e-01,2.101177912194182942e-02,4.861357835715722497e-02,4.852722319620197844e+00,2.904372169146185012e+00,nan
7.430868000000000000e+06,5.670537986191144242e+00,5.377592092589669903e+01,1.257069827822251962e-01,1.213362331796791725e-02,8.832554395671697589e-02,2.037877286019755374e+00,1.142590843066921602e+00,nan
1.099212600000000000e+07,1.553956040714670195e+00,7.577008449797383527e+00,2.103392433573403608e-01,1.100650809432284771e-01,1.475879917263307750e-01,3.409603018530069640e+00,-3.243039026235504441e+00,nan
5.287610000000000000e+06,6.172504682253519448e+00,6.147036507960103791e+01,1.111099937265448423e-01,1.106774517653948478e-02,4.594496516868767921e-02,3.235807507825475327e+00,1.306377325691136404e+00,nan
1.047369200000000000e+07,8.638786894116341486e+00,9.341145770458501829e+01,1.905315044973609762e-01,1.186654042010516427e-02,9.132359444704186979e-02,2.185357335197630313e+00,2.020057039915429176e+00,nan
9.139859000000000000e+06,6.838455439287545623e+00,7.295857661108014725e+01,1.296025026532764135e-01,1.179624082600519083e-02,8.811463736391232648e-02,2.363767711916000103e+00,2.040368300827753334e+00,nan
6.678432000000000000e+06,5.676353194416558168e+00,5.661366426156958909e+01,9.976645682184580310e-02,2.399104126464800951e-02,4.657911392146727586e-02,4.100344225724742664e+00,2.264775363867531421e+00,nan
4.991033000000000000e+06,5.274808265901460125e+00,4.897860681318690723e+01,6.142386762034789810e-02,1.653629342978786901e-02,1.070728306740404701e-01,1.871030806765257015e+00,1.043483189333350047e+00,nan
1.021393100000000000e+07,4.554566283849612596e+00,4.304022019213315531e+01,2.535356299458674939e-02,1.491556296031494415e-02,7.656018360527083733e-02,2.199645730684294698e+00,1.817428931898074307e+00,nan
7.346442000000000000e+06,5.205876503152810919e+00,4.875024964061307742e+01,6.587095101207629533e-02,1.721898230846176728e-02,1.024891603519004074e-01,2.478003603131305965e+00,2.157027085451285409e+00,nan
1.155981800000000000e+07,3.641251094242758057e+00,3.813953880551584064e+01,1.019981036988261369e+00,1.616307516888270540e-02,4.503807927436775937e-02,2.208977860994607578e+00,-3.480458200563792737e+00,nan
1.151752400000000000e+07,8.790773228583246279e+00,1.033970529268825800e+02,2.475738595189142521e-01,9.785553917103789398e-03,6.690939020284494831e-02,1.713314748126282039e+00,2.958134945172734120e+00,nan
4.469602000000000000e+06,3.492048071328322845e+00,3.254456221373908420e+01,-1.849567697826360463e-02,1.453485069183509115e-02,7.202232983721680581e-02,2.542826376622644435e+00,1.916320301842549867e+00,nan
9.589638000000000000e+06,4.387423410050706352e+00,4.010475163755836547e+01,7.265055215972074376e-02,1.404928025456906801e-02,8.473421075877235475e-02,2.269730736504798507e+00,1.410150447382931160e+00,nan
8.955683000000000000e+06,4.729857510321713754e+00,4.764435385675954393e+01,5.999830758958403509e-02,1.515646695810584331e-02,1.337371058693395676e-01,2.294366230510360705e+00,2.346700979388351704e-01,nan
1.211639300000000000e+07,6.262098228188556881e+00,6.225584385842656587e+01,9.431979578568196187e-02,1.501631017541753439e-02,6.275440533339601834e-02,2.239465827955632982e+00,2.561976352392123069e+00,nan
8.475025000000000000e+06,9.618185954966872231e+00,1.130621282242171617e+02,2.149853128499146782e-01,1.093425118609002780e-02,8.638814549814877175e-02,2.030017152743347264e+00,1.846088979324081558e+00,nan
1.124530700000000000e+07,3.815970714321870627e+00,3.473109259452211006e+01,5.889135911422500591e-01,5.428558118199057481e-02,1.379464234297829439e-01,3.609806359324805758e+00,-2.448247153288740652e+00,nan
5.112744000000000000e+06,4.414892166619960534e+00,4.482741215682367653e+01,5.552678628134075263e-03,1.362954422116205606e-02,8.391429815589931951e-02,2.459308558543335188e+00,3.437192820439488372e+00,nan
7.020371000000000000e+06,2.128399608397863574e+00,1.532656422745703750e+01,7.112539842049871996e-01,5.133062380516376089e-02,5.013202231361944816e-02,5.062147308531091738e+00,-3.543850422966279279e+00,nan
9.820702000000000000e+06,5.961891497345245483e+00,6.138158563863753869e+01,1.343253349097381644e-01,1.286547606708636320e-02,7.452405773795904576e-02,2.331829579423392751e+00,4.474012070035543465e-01,nan
3.747860000000000000e+06,4.085530817242193358e+00,3.604205824674830438e+01,1.892715643136086770e-02,1.727933232828647928e-02,2.774953836785818209e-02,1.909984522504099003e+00,2.017037275800142471e+00,nan
1.015750700000000000e+07,6.631725510044344851e+00,6.813783851041539208e+01,1.548119220526521234e-01,1.257352769944664918e-02,8.737660278337057440e-02,2.090031882009413700e+00,3.460592279115972225e+00,nan
4.937576000000000000e+06,3.524785183554786983e+00,3.327695784323824313e+01,9.663576994900249240e-01,2.842318177281639296e-02,3.715148605354744171e-02,5.283002569382112767e+00,-5.237920475809034748e+00,nan
1.123154900000000000e+07,3.420715065798812127e+00,3.028023427242805354e+01,-1.990742765291078544e-03,1.531058951995245380e-02,9.493795629678412895e-02,2.016676272694656991e+00,2.047149734160512990e-01,nan
4.378473000000000000e+06,2.897460089208466094e+00,2.321631180153826790e+01,7.876371386371324723e-01,3.437720479717412680e-02,1.434566573310825932e-01,4.858243521743075277e+00,-3.446534701046489513e+00,nan
1.013224700000000000e+07,6.511275006331112003e+00,6.351592105149178735e+01,5.630118265681495482e-02,2.901484650413039407e-02,6.211912661955876908e-02,3.979201532081428017e+00,2.135368370012675321e+00,nan
1.141021700000000000e+07,1.603099353234015112e+01,2.287435716396783221e+02,3.744133262828859277e-01,3.973720323876397953e-03,5.689754666938950239e-02,2.416078748196559545e+00,2.810450375814979029e+00,nan
8.802374000000000000e+06,3.587033997144463360e+00,3.144269290339846634e+01,2.810062844729321885e-02,1.691258755571327030e-02,7.471478032434716865e-02,1.982687794384908608e+00,2.525208302090530266e-01,nan
6.501676000000000000e+06,4.788117977150983862e+00,4.307651549436108240e+01,9.569988559943524986e-02,1.883208719405109893e-02,6.226747761488969635e-02,2.485758914815763720e+00,6.430944019941954304e-01,nan
9.333501000000000000e+06,3.447206551774067762e+00,2.688036958071563021e+01,5.974253281707377766e-02,2.655345232111117407e-02,1.418193630433502161e-01,2.604042873739690567e+00,1.296407553559258519e+00,nan
9.517542000000000000e+06,2.650719213680657660e+00,2.050316797354353326e+01,3.526719692550422253e-02,6.181658111304205033e-03,1.137697352801967793e-01,2.253754622001579833e+00,5.692072135450203935e-02,nan
6.593623000000000000e+06,3.010474108158903039e+00,4.293641636306989540e+01,1.944978197688827182e+00,3.394608490126106715e-03,1.150282392088703531e+00,2.889282113522781970e+00,-6.274550207064652163e+00,nan
1.124496800000000000e+07,2.680882595072747954e+00,2.369394839260374752e+01,-2.980403432768924735e-02,1.979413321632341252e-02,6.036227177157119095e-02,2.637228857155514028e+00,-1.601905741642475067e-01,nan
1.129380400000000000e+07,3.931078934093435784e+00,3.429862191678592609e+01,1.977043652520852832e-02,1.793427830113432028e-02,1.173027993269096514e-01,2.560748609198697068e+00,2.465337745558823901e+00,nan
1.159934200000000000e+07,1.080082012089795818e+01,1.311955432175556382e+02,1.666445424335968317e-01,1.428711635866767096e-02,2.883525182326385564e-02,4.111325916038476969e+00,2.612207204984112963e+00,nan
1.197194000000000000e+07,4.627906140942218194e+00,4.735620488020389018e+01,6.868694422111382147e-02,9.868586514042383684e-03,1.064767893106139257e-01,2.048272515902462398e+00,1.297784762983268836e+00,nan
1.020037700000000000e+07,1.251375497655983260e+01,1.433568625645792736e+02,2.382045043834274123e-01,1.041388151421290473e-02,4.754909920350444685e-02,3.004029436429016542e+00,2.993303144703150842e+00,nan
2.283075000000000000e+06,6.479096953082964738e+00,6.885900514718036902e+01,1.211938613699024836e-01,1.424562786991098208e-02,8.477591432737392740e-02,2.350671720897874906e+00,1.908825552527974700e+00,nan
2.696732000000000000e+06,8.330163509603901062e+00,9.140962133703314407e+01,1.922837672308384260e-01,1.348810970111074398e-02,8.815334803905934200e-03,3.275015262475343469e+00,1.189831802712794984e+00,nan
4.638317000000000000e+06,3.398337858212925333e+00,2.789125075739852733e+01,1.440214413004135656e-02,2.160664879139731834e-02,1.091817800935475508e-01,2.186364717512658373e+00,9.242446377510947775e-01,nan
1.156860500000000000e+07,4.845264924893058378e+00,4.952492683730852008e+01,1.234650671305906194e-01,9.470522395992646975e-03,1.212345173076105620e-01,1.864726115998449840e+00,7.890999686519305500e-01,nan
9.835626000000000000e+06,5.435627939415314636e+00,5.561949049230726416e+01,7.198368875456669091e-02,1.389907744801861106e-02,7.763137630479555185e-02,2.302659321236776968e+00,2.411917332276852122e+00,nan
6.587245000000000000e+06,2.729244689766282317e+00,2.417231750387847100e+01,9.403242544203126441e-01,1.579266433226658023e-02,9.934903728411743906e-02,1.937912973082017265e+00,-4.221986772472463123e+00,nan
8.415501000000000000e+06,3.615072432426818416e+00,3.172013242700536040e+01,-4.983123337093278704e-02,3.074348657385030451e-02,9.710217479281751940e-02,3.473954957210374062e+00,2.770544719205336737e-01,nan
9.080175000000000000e+06,5.344691177678369876e+00,4.855834305709708332e+01,9.338524395801621469e-02,1.866999178069540452e-02,7.116528682291743679e-02,2.087251601120501565e+00,5.106407364957280537e-01,nan
1.196833400000000000e+07,1.146458118750583921e+01,1.413716281096162959e+02,1.126694374698440221e-01,2.379084688163952965e-02,4.100336476925764417e-02,4.913828475757543224e+00,2.170016407921006252e+00,nan
1.161260300000000000e+07,8.096019532614235459e+00,8.634717472409950290e+01,1.749287211203611470e-01,1.219950517892157485e-02,8.298321271684686029e-02,2.020204040810868129e+00,1.557827999491305793e+00,nan
9.967700000000000000e+06,9.645169137448549534e+00,1.084745673925867919e+02,1.910008077086867984e-01,9.071943279971976873e-03,1.976964126544467418e-02,2.254335006437341082e+00,1.135558509732341959e+00,nan
1.120453100000000000e+07,4.206881538497713180e+00,4.129979023773016422e+01,4.150423980653471928e-02,1.334051799887863744e-02,9.533899791925702638e-02,2.868119140581236515e+00,1.648701952181591546e+00,nan
1.032849800000000000e+07,4.495447771757410393e+00,4.303831902303659973e+01,1.181156352535297632e-01,2.645316197743560749e-02,1.165777424950638907e-01,3.341667521643684857e+00,1.183252223605504749e+00,nan
4.548564000000000000e+06,6.002659444771826891e+00,5.720311662636890304e+01,1.250297400771343825e-01,1.364870551843394043e-02,8.088694704713220163e-02,2.159060602418679586e+00,1.722578539391690589e+00,nan
1.113591000000000000e+07,3.674011991074051409e+00,2.967544968692557816e+01,-6.419090618446572291e-03,2.713124536358978850e-02,1.357160740871818649e-01,2.377100734666935722e+00,9.144599469530223512e-01,nan
6.104786000000000000e+06,1.388270243867193088e+01,1.692184915860430010e+02,2.559344798331990023e-01,7.936260216255843630e-03,2.574799186996972258e-02,2.060398086966356068e+00,2.582761697281043212e+00,nan
9.222389000000000000e+06,3.570555606620530842e+00,3.149625053702352773e+01,-4.063931429412240282e-02,2.348586026379925751e-02,2.913249181495578682e-02,3.272274011330256194e+00,1.869947329713058881e+00,nan
1.201798500000000000e+07,2.756903462055046550e+00,1.787122411453493953e+01,3.762737607903089976e-01,1.915130520750563115e-01,2.296821744040272451e-01,5.508990575832277692e+00,-4.601087137043453623e+00,nan
9.350031000000000000e+06,5.790716792122500678e+00,5.372378792318511387e+01,1.084144827991987206e-02,4.298066780711789353e-02,9.776028690328961157e-02,3.638105255709125352e+00,1.405919296275899510e+00,nan
9.329200000000000000e+06,6.818798739463675318e+00,7.567638836006830161e+01,7.895263008702262109e-02,2.323619312904649792e-02,9.306520896250546071e-02,3.826003271161551922e+00,2.597417360283718946e+00,nan
1.129871400000000000e+07,5.881462984602847222e+00,6.304749956149852608e+01,1.090992370806065370e-01,1.164259018373121901e-02,1.558936600488947943e-01,2.235323050354409702e+00,1.924966255832970985e+00,nan
9.333290000000000000e+06,2.923775069252142256e+00,2.449772359551888457e+01,2.804762410843232925e-02,1.679772260609650389e-02,5.475349558831773406e-02,2.708078925991113106e+00,1.568415584489534220e+00,nan
9.882446000000000000e+06,4.958755245913458509e+00,4.950864026608358159e+01,8.636629525825069431e-02,1.706765891668904009e-02,9.914429020220166811e-02,2.415404940922686983e+00,2.022130530782451974e+00,nan
1.135866900000000000e+07,8.436690102991503792e+00,9.821381503683846859e+01,1.828970772159403957e-01,1.136331324816603969e-02,2.545605116052855957e-02,2.639474568933678267e+00,1.447480820034516169e+00,nan
1.170219500000000000e+07,5.657759783006398813e+00,5.228943487576499649e+01,6.107405540056255050e-02,2.344503065277893372e-02,6.445619099183395873e-02,3.402483557737124631e+00,1.150296143105818070e+00,nan
1.059292400000000000e+07,5.402998826088584394e+00,5.201664209771705316e+01,8.255222203329515285e-02,1.539075345352756280e-02,7.712437278515572869e-02,2.499785046646834097e+00,1.791149852528338027e+00,nan
3.429738000000000000e+06,5.896635466945097548e+00,5.606169618288738832e+01,9.576845914855898478e-02,1.540466450059162044e-02,8.325393617702872562e-02,2.126133452254365341e+00,1.692624427188579084e+00,nan
5.112786000000000000e+06,1.146843873497760624e+00,7.836503975522606247e+00,7.598246270176628459e-01,1.743793388053836366e-02,1.336551790898179715e-01,2.502609676688215323e+00,-4.081127629932749024e+00,nan
1.211522700000000000e+07,9.404546439082672293e+00,9.841933887213109244e+01,1.748308043548494617e-01,1.476415270621224407e-02,4.018431479838939502e-02,2.609246667910354311e+00,1.149141771173885829e+00,nan
6.191288000000000000e+06,3.126229219151816174e+00,2.513206340658436133e+01,4.132234260571485650e-03,2.409807914555791783e-02,1.151809109605117371e-01,2.814057766610052358e+00,4.245994524539990489e-01,nan
9.833073000000000000e+06,3.634638211912595285e+00,3.202034230664130376e+01,-2.136601939658649280e-02,1.928814955073688067e-02,7.419593462444722121e-02,2.166544648640122528e+00,1.384369395657367274e+00,nan
3.455760000000000000e+06,4.849932968663824617e+00,4.871433560102852312e+01,5.185985714206462621e-02,1.956917116975220167e-02,7.289363403734107349e-02,2.156178308825985379e+00,2.713912975501650227e+00,nan
3.531478000000000000e+06,1.723691865203843321e+01,2.410571840498359677e+02,4.208959949318981653e-01,5.207245793348140757e-03,4.008608342630876759e-02,3.007147806702658244e+00,3.254605052113241914e+00,nan
4.279700000000000000e+06,3.493667559183559312e+00,3.105129991836929193e+01,2.726171448126244942e-02,1.539691682753942768e-02,1.214615067873356657e-01,2.064312408696041601e+00,1.599966173496439659e+00,nan
4.995788000000000000e+06,1.353167922866237127e+01,1.708388510932994109e+02,2.796698322541126824e-01,7.712562871064546077e-03,1.906551543166610380e-02,3.578254774481651523e+00,2.433051446075573665e+00,nan
9.783226000000000000e+06,5.323913588024026033e+00,5.344599138997761401e+01,1.665641818868033447e-02,2.778634835522510865e-02,2.195866900861893900e-02,3.736105483393064919e+00,9.686821315589256853e-01,nan
5.940060000000000000e+06,5.644989540717279652e+00,5.225702633807714648e+01,1.411865003709580901e-01,1.326412073145177492e-02,1.329815024719275818e-01,2.193974696970959481e+00,6.415183651056864944e-01,nan
1.134269400000000000e+07,7.111859997286326340e+00,7.525847844433980072e+01,1.669263949735525498e-01,1.072239037086299661e-02,1.208762695218919131e-01,2.109380605591731683e+00,1.491514760934864015e+00,nan
7.346365000000000000e+06,4.571969331754492494e+00,5.190823598720431420e+01,-2.826247579380533614e-01,4.857701652035744527e-02,4.018701871716009455e-01,4.875339923929973729e+00,-6.597851019493822244e-01,nan
1.085977900000000000e+07,7.310073042848699743e+00,8.185643399576376567e+01,1.150231177788425957e-01,1.164159679954039281e-02,8.279082095744884351e-02,2.307506986117997538e+00,3.172924567302818577e+00,nan
4.243803000000000000e+06,1.865592048650038581e+00,1.611999955986249944e+01,7.068013116414532115e-01,2.411107116650573756e-02,9.957435035463768624e-02,3.445992323521450018e+00,-4.493941065004719349e+00,nan
3.645232000000000000e+06,1.439960105742009500e+00,8.197002538148753459e+00,5.475020330680637759e-01,1.246790869969634369e-01,5.847710338198179869e-01,3.360981871191670578e+00,-4.376007389720292906e+00,nan
3.339894000000000000e+06,3.355739040925932226e+00,3.021638372989103161e+01,9.297426767610016407e-01,1.931450700353549987e-02,2.780930381991150724e-02,1.978828304737451527e+00,-2.463649656150307954e-01,nan
3.532734000000000000e+06,1.182268344928487913e+01,1.509330001462916755e+02,2.103642583957429923e-01,1.017891195955226979e-02,6.655327560371257500e-02,1.318720764778493093e+00,1.095924836846150052e+00,nan
1.079387200000000000e+07,1.491876660057281967e+01,1.834207302057083950e+02,3.000357884626569938e-01,7.820666537773973345e-03,9.009655080447835640e-02,2.174248028371725816e+00,3.131866244919821352e+00,nan
1.119144400000000000e+07,3.243835519628851305e+00,2.662921926378484727e+01,9.159433737536479617e-03,1.720299994736479779e-02,7.007424969978640061e-02,2.601760086902539459e+00,9.181302525999057718e-01,nan
1.145390500000000000e+07,2.267310418849859399e+00,1.671573143579289678e+01,-2.135794082362223179e-02,2.880859838179314347e-02,1.043603620170571872e-01,2.154886228480835442e+00,-1.238347586916934029e+00,nan
5.514079000000000000e+06,6.880751295377733001e+00,8.799256312642182820e+01,6.275863738273056436e-01,-6.373113819009422476e-02,1.307211309798481658e+00,2.081399278583834889e+00,3.420102539291494548e+00,nan
9.835436000000000000e+06,3.009964535164703303e+00,2.392705541043800466e+01,-3.568275744290005241e-02,2.064076411185163454e-02,1.465005425578432829e-01,2.454958943575466623e+00,3.739030450599246658e-01,nan
4.659706000000000000e+06,3.711903135444341917e+00,3.700122223322942006e+01,5.707556489400854999e-02,1.294624326694705958e-02,7.178632687357197617e-02,2.016467600490070122e+00,1.701616910960079609e+00,nan
1.216840600000000000e+07,4.750753823350558847e+00,4.520149863928993739e+01,7.256234155322495438e-02,1.448267896055315321e-02,9.264319330508255512e-02,2.401389352700360469e+00,1.716233019167435314e+00,nan
1.182143900000000000e+07,4.776171003234950696e+00,4.857707987162525853e+01,3.353748025995544058e-02,2.607292409011795903e-02,8.609148594816685984e-02,3.820903086527999815e+00,2.538464356376918474e+00,nan
1.216984500000000000e+07,3.293477317718627173e+00,3.087347994195255296e+01,1.961434752537503934e-02,1.359393397284813093e-02,1.794263986008032274e-01,2.084054082308218980e+00,1.140359149082815327e+00,nan
1.129421800000000000e+07,2.401694306165570225e+00,1.890720505305075960e+01,-5.829491933240519425e-02,3.674590528750741603e-02,8.334007248265713763e-02,2.658157810318892977e+00,7.650221330394616492e-01,nan
2.444348000000000000e+06,3.234960488584385008e+00,3.022905669671067486e+01,-1.232157000981307267e-02,1.620873769730434705e-02,1.420807878578860539e-01,2.238715455966142187e+00,1.229538502399905919e+00,nan
2.437340000000000000e+06,1.380074243703989234e+00,8.608569660195861672e+00,6.972794731469024176e-01,7.909692439292069152e-03,6.957235850342669004e-02,3.576000362862221227e+00,-3.413344390325997679e+00,nan
1.192067800000000000e+07,4.075828000927516293e+00,3.725195752430137475e+01,4.061024499547357357e-03,3.935157134569926274e-02,7.585220109230406127e-02,3.426691176148858542e+00,1.164186041830255869e+00,nan
9.029603000000000000e+06,1.079179361567917006e+01,1.460660633354367803e+02,2.315447266470958831e-01,7.325660098070059349e-03,4.407661132368596857e-02,2.414025600391921600e+00,3.167194638769752046e+00,nan
8.693004000000000000e+06,3.633452532681757940e+00,3.463043664856378712e+01,3.856035125937960772e-02,1.139549364743165129e-02,1.119389782861373445e-01,2.361401101887308673e+00,1.435319468083545491e+00,nan
1.236653700000000000e+07,4.771632365580723345e+00,4.740187879229220158e+01,-8.334984862135383366e-02,3.034361435763661269e-02,4.304775581714469224e-02,3.972693586305420688e+00,1.566828173953553671e+00,nan
6.425301000000000000e+06,6.147130476642952424e+00,6.024675819644189545e+01,1.080410867528496521e-01,1.737059979328007750e-02,9.445779091091933977e-02,2.874116660916038235e+00,1.953388084403469449e+00,nan
1.092125800000000000e+07,3.063230345369473806e+00,2.503187979834214616e+01,8.135762199012069873e-01,7.760051020661215809e-04,1.152527235938606009e-01,3.207090570574752775e+00,-3.495982085659774086e+00,nan
4.271039000000000000e+06,5.209702015158889310e+00,4.733205555483146298e+01,-3.686738244609169546e-02,2.798761515043600781e-02,6.334092461579805822e-02,3.542851499090969192e+00,1.734241505367144054e+00,nan
9.711231000000000000e+06,5.132876800498204162e+00,4.776319189927068720e+01,6.721559629896906030e-02,1.449532580877065102e-02,9.109586996621986399e-02,1.972298522193367987e+00,1.654420135052677265e+00,nan
6.764229000000000000e+06,6.077263225450682427e+00,5.945140014146900853e+01,1.097465542727163873e-01,1.347095801705202288e-02,1.219526902160770199e-01,2.124653178674785980e+00,2.279508410817762343e+00,nan
1.119076800000000000e+07,1.729625284540932384e+01,2.303757186744037426e+02,3.969758458107733867e-01,2.945082786845665355e-03,4.614877106678991203e-02,2.685463110593255376e+00,2.314058384542500679e+00,nan
1.019918700000000000e+07,2.408640736357571033e+00,1.754692752689518187e+01,-3.055848502157939434e-02,2.553999676128430180e-02,1.175173303835188865e-01,2.105161556044280236e+00,2.245429860726078919e-01,nan
1.166911300000000000e+07,2.918433971727015575e+00,2.399903180612291820e+01,-1.019303690748209895e-01,6.077444952219220736e-02,1.035929397120313733e-01,4.392710353966026382e+00,1.133958616847257295e+00,nan
1.074309200000000000e+07,2.448127688336759977e+00,1.800357565988153397e+01,1.101553814978990298e+00,7.925238026603183272e-02,2.327221782684149032e-01,4.914834093599917075e+00,-4.757519719446876572e+00,nan
2.437965000000000000e+06,1.256022460737703739e+00,7.371280746814560914e+00,7.368005816370972738e-01,6.652504704586452433e-02,1.010938665184716867e-01,4.508974323931771444e+00,-5.052334256976993565e+00,nan
1.864855000000000000e+06,1.007908993259179731e+01,1.277941585481845550e+02,6.912046001875148393e-01,-1.063830763235268720e-02,4.417414387098250739e-02,2.952418886605780557e+00,2.301667754584279635e+00,nan
1.247005400000000000e+07,1.255258928972510546e+01,1.611932272727181612e+02,2.555243789497635420e-01,7.082584212848653908e-03,1.058922250562643608e-01,1.759965267706233183e+00,5.092385853434926446e+00,nan
1.072217500000000000e+07,9.514070412512392494e+00,1.135932093310219102e+02,1.725671947436723253e-01,9.743693381588310748e-03,9.732108825346842684e-02,2.421933786044107251e+00,2.622229378738517802e+00,nan
5.426041000000000000e+06,5.029589529300790396e+00,5.146473980185446351e+01,6.584315206873733728e-02,1.191028811684690866e-02,8.921100083194234698e-02,2.404714243800058604e+00,1.903022667677733759e+00,nan
1.016194300000000000e+07,6.254767440125266198e+00,6.062858023170189625e+01,1.270147340383450674e-01,1.472775036233100500e-02,8.443445991352570290e-02,2.106251044420146545e+00,2.181481629720406712e+00,nan
1.221675000000000000e+07,8.789594789812916531e+00,9.565235592302856560e+01,2.095399156266215257e-01,1.106798444687019656e-02,6.716002655500967478e-02,2.407456884189642654e+00,2.197213988052432398e+00,nan
5.860093000000000000e+06,5.559102365396721090e+00,5.022387080741384580e+01,4.345814088952507093e-02,2.792340551637587098e-02,7.221806303078377731e-02,3.673233607297064829e+00,1.114173113298424500e+00,nan
1.107454300000000000e+07,6.029392672179796797e+00,5.814708661547480517e+01,7.800719617531168271e-02,1.700549711703343986e-02,1.216019781183942383e-01,2.198090856967761741e+00,2.093971693503898557e+00,nan
1.180467700000000000e+07,2.420092340889768767e+00,2.034142447110282959e+01,4.930116444726521108e-01,7.737236823862062018e-02,1.422692435013723777e-01,5.365063936056414740e+00,-4.396277196071090465e+00,nan
1.084732100000000000e+07,6.559521188134051606e+00,6.937314457576377436e+01,1.002696723528870570e-01,1.273606381875486658e-02,1.040901119128328639e-01,2.279424634358021784e+00,1.870035236640992915e+00,nan
3.747777000000000000e+06,4.423578021578859598e+00,4.394993456200626269e+01,1.172417209052721565e-02,1.626259837298143704e-02,-5.581711450142132387e-03,2.747794728065468650e+00,-3.995241344131533756e-01,nan
1.151432200000000000e+07,5.744298422407428717e+00,6.081834541260523963e+01,8.873248834431110565e-02,1.359603255497133199e-02,6.981758110120390992e-02,2.481428044843141834e+00,1.790371239206762555e+00,nan
2.436688000000000000e+06,7.225518924781093588e+00,7.692329757810897206e+01,1.635370104845811634e-01,1.257822434855333793e-02,1.454103007432994699e-01,2.233689852128903475e+00,1.602296807971630210e+00,nan
