kic,dnu,numax,epsilon,alpha,A,G,phi,tau,FeH,Teff,ES,e_eps,e_al,e_A,e_G,e_phi,e_tau
10552202,4.3316260799599995,39.2349309042,0.046946485752699996,0.014373271490499998,0.0240848798458,2.83340701903,0.965083658002,11.6069301177,-0.44,4755.1,RGB,0.013999999999999999,0.002,0.004,0.5329999999999999,0.562,3.6689999999999996
9027871,4.30107871321,42.8835269634,0.0522881726881,0.0147472286603,0.0292743582521,3.04139719074,1.05687341143,10.6153303261,0.193,4650.2,RGB,0.013999999999999999,0.002,0.003,0.251,0.28300000000000003,3.3989999999999996
5112072,10.0621800931,126.18380014600001,0.191127452419,0.00950114559085,0.012672877454500001,3.03641433403,2.3296894117099995,9.88177954859,0.073,4906.1,RGB,0.009000000000000001,0.008,0.003,0.273,0.29,3.4560000000000004
9157260,18.1500473942,235.03146321,0.343035801453,0.00817800512634,0.00885293333277,3.3791498909099995,2.67223100597,10.995771941500001,-0.111,4866.9,RGB,0.006999999999999999,0.006999999999999999,0.006999999999999999,0.21,0.124,3.3680000000000003
6929729,6.0531025955699995,65.3563931945,0.142162434276,0.00907566897308,0.0199179317542,3.2928395772,1.41538890312,9.493841876489999,0.171,4732.1,RGB,0.011000000000000001,0.006999999999999999,0.003,0.27699999999999997,0.213,3.582
10068810,5.34481382183,49.2544928549,0.09078822240000001,0.0154133970423,0.023445230845599997,2.14235016968,1.88720658257,10.5286167068,-0.222,4612.3,RGB,0.009000000000000001,0.001,0.003,0.24,0.531,3.5780000000000003
10546977,4.3516093715099995,42.9067459826,0.0406628992468,0.0148552583093,0.0284309375953,2.9372722217900002,1.73064472689,9.03406221658,0.006,4667.8,RGB,0.013999999999999999,0.002,0.004,0.332,0.305,4.024
3444374,5.73834143197,56.72435699060001,0.10969271381899999,0.012309813337799999,0.023020834751200002,2.26881926202,2.94634684532,2.16407621336,0.156,4581.2,RGB,0.009000000000000001,0.001,0.004,0.266,1.1520000000000001,1.204
6343222,7.37951112542,78.5413761205,0.135198717775,0.014129600217600001,0.0238486420563,2.7332560530000003,1.99694819727,11.004824716099998,0.299,4607.7,RGB,0.006999999999999999,0.001,0.003,0.129,0.125,3.591
7431665,5.46757450244,54.9510276409,0.06402403161619999,0.0140995302388,0.0269053725184,2.8132763036400004,2.5144405361,10.541207329099999,-0.009,4712.5,RGB,0.013999999999999999,0.002,0.004,0.221,0.28,3.557
11973853,14.6220460108,203.72392842,0.312963396489,0.00614169704637,0.00828553774189,3.15266878545,2.95158792583,9.250639423460001,-0.041,5006.9,RGB,0.006999999999999999,0.005,0.001,0.154,0.254,3.302
10992711,4.05273015889,35.270815050900005,0.0187826870602,0.0182629199306,0.029258743149700003,2.39600219516,2.8170923752999997,10.0949511664,-0.178,4534.2,RGB,0.013000000000000001,0.002,0.004,0.35100000000000003,0.8240000000000001,3.5460000000000003
6680734,2.36090363995,17.4968860119,-0.0551891766366,0.0187545137726,0.0414922903051,2.51109236582,-0.0575512652479,10.718078783500001,-0.321,4574.5,RGB,0.013999999999999999,0.002,0.005,0.45399999999999996,0.45899999999999996,3.49
10816748,3.81400864296,32.492084431100004,0.0442603912179,0.0184262541285,0.0311164943011,2.14276760764,-0.192144348375,10.145862211399999,-0.213,4647.3,RGB,0.013000000000000001,0.002,0.004,0.33299999999999996,3.306,5.372999999999999
4139784,4.79904342049,47.6545233717,0.058818278576600005,0.016035949963200003,0.0276029511918,2.8642034106299996,1.37585445523,9.152527685,0.201,4632.2,RGB,0.013999999999999999,0.002,0.003,0.212,0.254,3.989
9163153,12.4754770524,154.871909875,0.275782012488,0.011345023814100002,0.013588538670299998,3.74039232268,1.96519793039,5.19380568197,0.372,4684.3,RGB,0.006999999999999999,0.001,0.001,0.275,0.132,2.169
4991732,8.54347475757,105.981349992,0.18191326119800003,0.00946968021943,0.0163879785965,3.3295316565400004,2.06788302092,6.3435595325,0.169,4832.8,RGB,0.01,0.008,0.003,0.336,0.326,3.1260000000000003
9758246,2.8008478736299995,21.791370374099998,-0.0331716285803,0.0225409087219,0.0399002406385,2.45611766093,0.675143599956,10.0667335705,-0.114,4507.8,RGB,0.013999999999999999,0.002,0.004,0.255,0.354,3.843
4937204,4.40779409389,40.3419017309,0.0591640863031,0.014312196432700002,0.026744148647599997,2.70581404385,1.4273237407100001,11.5146239348,-0.225,4709.3,RGB(S),0.013000000000000001,0.001,0.003,0.265,0.368,3.7710000000000004
10025387,11.484000540899999,141.207865056,0.22853258089499998,0.0108380172272,0.016111151222000002,3.25561617514,2.4640675364099995,11.3030146257,0.103,4813.7,RGB,0.006999999999999999,0.01,0.002,0.13699999999999998,0.142,3.138
7347189,4.03695403625,41.0287980888,0.0633021654757,0.00961490045868,0.029840025250200002,2.97318818389,1.29655285231,9.27689713967,-0.031,4762.8,RGB,0.012,0.001,0.005,0.501,0.574,3.7
9662395,4.43446719506,48.337502898800004,0.0580404374302,0.0154318366442,0.027675711375000002,3.24696635908,0.151435782563,11.307375694300001,0.127,4767.7,AMB,0.015,0.002,0.004,0.35200000000000004,2.5669999999999997,3.645
3847071,6.13977137507,61.926957611199995,0.11352183982999998,0.0141491305736,0.024795829027299997,2.50141569878,2.1715397702200003,8.021635658200001,-0.065,4742.0,RGB,0.008,0.013000000000000001,0.003,0.09699999999999999,0.18,3.0980000000000003
7429055,6.1100189492400006,61.004592895900004,0.10585426336300001,0.015382768016200001,0.0227470595139,2.66950465968,2.1401268409400003,3.94127482878,0.135,4539.8,RGB,0.01,0.001,0.004,0.213,0.20600000000000002,1.857
3835996,4.98513498027,45.963253251800005,0.06340594526,0.0142071852676,0.0278698618898,2.377512266,1.5693048888499999,8.36808896718,-0.18,4706.8,RGB,0.01,0.001,0.003,0.16399999999999998,0.305,3.66
8545291,5.78424086753,55.0973663584,0.124675503761,0.0128463963267,0.021169618170599997,2.44865681316,2.59323081828,1.68221342738,-0.12,4675.1,RGB,0.008,0.011000000000000001,0.003,0.14,0.47700000000000004,0.638
11413138,4.62956105386,46.8941559194,0.0663338953576,0.0118148556942,0.029211200182699997,2.91170941116,1.14976661737,9.88290355594,0.202,4567.5,RGB,0.013999999999999999,0.001,0.003,0.168,0.204,3.576
9291249,4.60382792242,45.4838259167,0.0923993450172,0.012196571377,0.0327029300342,2.57123363502,1.8832975629700002,9.54855017056,0.182,4663.6,RGB,0.012,0.001,0.005,0.134,0.233,3.574
8366239,13.6952961669,185.937841522,0.30332268512899996,0.006319813300749999,0.012650013926299998,3.1310140632300003,2.78885168127,8.92443220822,-0.046,4980.7,RGB,0.006999999999999999,0.006,0.002,0.141,0.19399999999999998,3.389
4040211,4.20570341068,38.8176600184,0.03304849205,0.0170911843258,0.0294081229558,2.9059540042400003,0.9362664568610001,10.4536938913,-0.179,4714.7,RGB,0.013999999999999999,0.002,0.004,0.314,0.342,3.475
8545504,9.23375532761,110.507279934,0.20031391586800001,0.00878540488445,0.0170749620441,2.97027770501,2.6407186976,9.34847278215,-0.058,4898.5,RGB,0.01,0.001,0.003,0.5920000000000001,1.114,4.013999999999999
8824452,5.544546250210001,51.748304429300006,0.0998582444259,0.0132153655006,0.025889430321999998,2.4123449416900002,1.81022029444,9.47420534901,-0.267,4609.8,RGB,0.01,0.002,0.003,0.254,0.27899999999999997,3.5810000000000004
5023732,3.0863005992500003,27.292954085799998,-0.0301750072133,0.019498157571,0.039705822443,2.57370164063,0.561977441293,10.560934657699999,0.078,4580.7,RGB,0.013999999999999999,0.001,0.003,0.16,0.299,3.747
10095409,4.14759484288,39.810974575799996,0.0679214151892,0.0162325448554,0.030676785358700002,3.05635189117,1.5240670309,8.48731537128,-0.037,4715.2,RGB,0.013000000000000001,0.001,0.003,0.22,0.177,3.54
7273672,2.71878252513,21.0884025509,-0.029020202104700004,0.0190872717823,0.04395457444680001,2.4602769059200003,0.518713618805,8.459427678119999,0.021,4458.4,RGB,0.012,0.002,0.004,0.171,0.24100000000000002,3.722
11661782,5.77707529883,60.4351003173,0.09995337990150001,0.011792829408200001,0.022195944292900005,2.70586481003,1.87421586375,10.195552364700001,-0.231,4839.7,RGB,0.011000000000000001,0.01,0.003,0.204,0.28800000000000003,3.572
9650046,5.97134861289,68.5552422181,0.120138333954,0.006394401207689999,0.0203852311283,4.97851768783,0.345893654748,11.486925998299998,0.074,4951.8,RC(S),0.011000000000000001,0.001,0.002,0.353,0.201,3.8480000000000003
11721374,5.94363684303,60.455945829799994,0.118107836483,0.013956122808100001,0.0197405445805,3.25128134278,1.33700701279,9.65950593766,0.156,4621.2,RGB,0.009000000000000001,0.001,0.002,0.273,0.207,3.888
9145955,11.0037242596,131.966494885,0.22367190033700002,0.00827171564674,0.012100534927299999,2.82098130959,2.48135485646,9.362906685539999,-0.281,4947.5,RGB,0.006999999999999999,0.001,0.002,0.326,0.209,3.49
8613617,13.591317121600001,171.08310397,0.286923299685,0.00864486920547,0.0115999108665,3.33792657821,2.26478753542,6.66937110781,-0.037,4917.8,RGB,0.006,0.006999999999999999,0.002,0.365,0.26899999999999996,3.076
3847697,4.8662919240499996,45.7697542633,0.0830040908215,0.014507977455299999,0.0280288539835,2.39444567912,1.9334307398900001,6.96072551145,-0.003,4644.5,RGB,0.01,0.013000000000000001,0.003,0.18,0.37200000000000005,3.675
3938291,9.31548155654,116.869187673,0.17395491183400003,0.010005718030399999,0.0154870903433,3.21065202432,2.38098498308,9.631965674360002,-0.024,4955.3,RGB,0.013999999999999999,0.002,0.003,0.36200000000000004,0.316,3.807
10659842,6.9840819525699995,75.7255352445,0.13784401139,0.01063950738,0.023213482639200003,2.6730879875099998,2.28417995204,5.8405957625800005,-0.207,4858.2,RGB,0.006999999999999999,0.00061,0.003,0.087,0.14800000000000002,2.636
10910674,4.0425302071599996,36.2638918212,0.0463837159892,0.0159432909733,0.026648445666799997,2.4054313054099996,1.22164851914,10.6031562229,-0.024,4625.3,RGB,0.012,0.001,0.005,0.336,0.45299999999999996,3.463
5597965,5.5584254504,55.0189966963,0.104214609692,0.0136050598878,0.026572417443200002,2.91631015364,1.45080595194,9.349462364299999,-0.096,4795.7,RGB,0.012,0.012,0.003,0.155,0.19399999999999998,3.2230000000000003
3545147,5.274635118969999,55.487288273000004,0.0893597282461,0.0115623974426,0.0374300180841,1.59363586275,-2.445268645539586,6.41358435876,0.133,4701.0,RGB,0.011000000000000001,0.01,0.008,0.047,0.387,3.8939999999999997
6843705,3.46413004214,30.1192775711,0.0135203238545,0.0196386214243,0.0347486862723,2.16381425393,1.33028705869,11.702893597300001,-0.235,4733.2,RGB,0.015,0.002,0.004,0.223,0.8859999999999999,3.375
10095427,6.08575227848,57.833577732399995,0.0966284528445,0.0111593586139,0.024231991847000003,2.13445104002,2.8232436684599995,9.826996278089998,-0.354,4626.0,RGB,0.01,0.001,0.003,0.16699999999999998,0.32799999999999996,3.582
7516687,4.07793700556,35.4397355273,0.056227587170900005,0.0166135456541,0.026720578583,2.4147582554900002,1.66611144915,9.01360926428,0.004,4540.2,RGB,0.013000000000000001,0.001,0.005,0.45399999999999996,1.228,3.727
10602015,14.217029954700001,185.52177577400002,0.298272172699,0.00742447873469,0.0144498384287,2.92949721427,2.7661006963,6.419687217969999,0.106,4933.6,RGB,0.004,0.006999999999999999,0.002,0.091,0.14,2.8760000000000003
9075225,5.380290014140001,56.135442119,0.09636408044610001,0.012678493971599999,0.021357064035400004,2.7777630364599997,1.6804643128299999,10.620515299,-0.021,4772.7,RGB,0.01,0.011000000000000001,0.003,0.125,0.226,4.449
11559645,3.0507785725,26.606079327199996,-0.00783405974302,0.0200323727327,0.037235852290199996,2.61912740181,0.0543669039776,12.643914916099998,-0.176,4704.9,RGB,0.016,0.002,0.005,0.29,0.508,4.542
6850177,4.6159702212000004,45.135253262,0.0780109294125,0.017351631569400002,0.0277630702368,3.5922516489699996,1.3772182423100001,10.512170530599999,0.078,4675.1,RGB,0.013000000000000001,0.002,0.003,0.237,0.19399999999999998,3.34
10352615,5.7019259269800004,61.602194547399996,0.135977386593,0.00980355933505,0.0233358034204,2.7950864606,1.72422248407,7.112182958410001,0.074,4780.5,RGB,0.01,0.008,0.003,0.131,0.218,3.37
11515377,14.790278519000001,194.821745878,0.288323322886,0.008139608099670001,0.010410787065799999,3.7593981229900004,2.46057560218,10.3612430793,-0.086,4968.4,RGB,0.009000000000000001,0.006999999999999999,0.001,0.275,0.179,3.575
11509608,4.0545277442800005,33.5924307491,0.031427405740999996,0.015728590447,0.0329466765064,2.8309078241,1.22887925,3.44901210683,-0.765,4732.6,RGB,0.013999999999999999,0.002,0.004,0.271,0.276,2.3280000000000003
10416550,5.05064901499,47.7505041015,0.0668657379187,0.0153937231388,0.026923085331900003,2.42728420189,1.9323559706,5.72272851943,-0.173,4706.0,RGB,0.012,0.0009,0.003,0.16,0.381,3.219
9475697,9.84091273767,114.76664209999998,0.21830495831099997,0.00965399605809,0.0151215989901,2.8764132409099994,2.3778310119299997,9.21840611098,0.131,4782.7,RGB,0.006999999999999999,0.008,0.002,0.16,0.184,3.469
2437040,3.0340687845999996,25.4268545754,-0.0023181298477100002,0.017228782182900002,0.034514256961300005,2.67474156198,1.2203472099,9.93849021856,0.432,4301.9,RGB,0.011000000000000001,0.001,0.004,0.226,0.247,3.4339999999999997
11563791,5.039494750849999,42.6187606688,0.036238736934199996,0.0163575734127,0.026254679475599996,2.2383428495200004,2.6586988538900003,9.51839109469,-1.265,4928.6,RGB,0.012,0.002,0.003,0.26,0.434,3.597
4902701,4.13233068163,35.7173462506,0.0613039906785,0.017096145110899998,0.0277046176606,2.00472153574,-0.607250314383,10.5654145693,-0.011,4504.8,RGB,0.012,0.001,0.005,0.373,3.77,3.41
11083613,8.62684868305,88.7561211756,0.180999559212,0.0121037396992,0.0150499216314,2.81848832325,2.23400158718,10.603706957,-0.387,4742.7,RGB,0.008,0.01,0.002,0.237,0.22399999999999998,3.6289999999999996
10087394,5.96161251852,59.001302770200006,0.10574639334,0.0164266529866,0.0256769052713,2.7542652712700004,1.8317747782299998,10.9036995596,0.064,4643.3,RGB,0.01,0.001,0.003,0.168,0.162,3.236
6185790,4.6563732585699995,42.5685271143,0.0590598816419,0.016503936114299997,0.0252021521875,2.5500157004400004,0.9372248034880001,10.4864045799,-0.054,4631.6,RGB(S),0.013000000000000001,0.001,0.004,0.306,0.55,3.45
9941141,7.969080899,90.003266726,0.186901986346,0.01246049007,0.0154541273865,3.3276313255,2.16818707519,4.104555954549999,0.324,4637.5,RGB,0.009000000000000001,0.001,0.002,0.313,0.23,1.791
9536330,2.68419284901,22.3803103806,-0.00140869095265,0.013321360253899999,0.0359151104937,2.68223972026,-0.300003526787,11.991138875799999,0.053,4538.2,RGB,0.013000000000000001,0.002,0.006,0.8390000000000001,0.513,3.307
11775511,5.2655996543,48.193665797,0.09079569071900001,0.0157826076865,0.025581688503400004,2.26245703071,1.5415147775600002,9.58639040352,-0.208,4651.9,RGB,0.009000000000000001,0.001,0.003,0.203,0.364,3.7489999999999997
9580991,5.67339785334,61.967361500600006,0.135635690123,0.013178965191200001,0.0246748322837,3.60477912111,1.1009194626,10.0569549885,-0.098,4897.2,RGB,0.012,0.001,0.003,0.253,0.218,3.372
2435987,4.186085950530001,37.718713124299995,0.024429877005500002,0.0177914502942,0.0298393791203,2.33608032201,1.34515207243,10.004781719299999,0.383,4434.2,RGB,0.012,0.001,0.003,0.184,0.301,3.98
10743515,4.53801294514,45.4253917755,0.0627036466854,0.011678428337,0.026086479312900004,2.08772341993,1.20781478053,10.4375207996,0.193,4652.5,RGB,0.011000000000000001,0.001,0.004,0.215,0.72,3.484
11905840,10.2749008533,120.54577121,0.216936155154,0.00912900129498,0.016906611916700003,2.7433074422400003,2.4972731632099996,7.21272607592,-0.214,4965.0,RGB,0.006,0.008,0.002,0.1,0.16899999999999998,3.572
4345370,4.04274280456,32.369094004299996,0.0362114097534,0.020288914538599996,0.033063556057,2.11806789872,1.34807813868,7.8440022433,-1.011,4790.9,RGB,0.011000000000000001,0.001,0.003,0.132,0.363,3.967
10747862,3.7274432773500004,30.836963584099998,0.0250298742439,0.0198993763125,0.0329926764459,2.2793676136200003,1.71166747325,7.152435021880001,-0.307,4536.5,RGB,0.013999999999999999,0.002,0.004,0.247,0.515,4.383
6755907,4.807861583919999,43.746354762799996,0.074966096664,0.0138232812935,0.023093668885599997,2.68877789744,0.6777546479530001,10.6658673844,-0.049,4538.1,RGB,0.012,0.001,0.004,0.32899999999999996,0.483,3.66
5196152,7.355920286839999,80.0210927398,0.146425790943,0.00971196912627,0.021386969680800002,2.37744099688,2.7989305022799997,6.257669417869999,-0.003,4793.5,RGB,0.01,0.008,0.004,0.242,0.818,3.213
7270142,5.43336004794,53.4451101707,0.113249929672,0.0139414053385,0.021621642795500003,2.43458269382,2.2624548036200003,6.56847088127,0.16,4601.6,RGB,0.01,0.012,0.004,0.214,0.285,3.498
6755373,5.19288824686,51.08059860149999,0.120927788253,0.0104213417965,0.0260009864443,2.5281652996,2.17396731948,8.189372035560002,0.039,4667.3,RGB,0.011000000000000001,0.009000000000000001,0.004,0.212,0.359,3.938
9581445,5.776335422640001,61.332589276899995,0.104168441469,0.011832557394999998,0.0230271375478,2.71977956443,1.9896917723099998,9.292830506849999,0.227,4711.0,RGB,0.009000000000000001,0.01,0.003,0.102,0.18100000000000002,3.997
11567563,4.3610515778800005,42.5539024148,0.0791284026804,0.012356745218200002,0.027557939773499997,2.3929809326400004,-0.0865927204856,10.2046872019,0.108,4680.4,RGB,0.011000000000000001,0.002,0.005,0.35100000000000003,3.092,4.0489999999999995
9711269,6.3931179061300005,65.2448253013,0.130083174457,0.0144055666263,0.0209402064646,2.7533937884400004,2.03320525065,9.810040860279999,0.232,4576.3,RGB,0.009000000000000001,0.013000000000000001,0.002,0.171,0.217,3.366
12215647,4.9516042231,49.2511273267,0.0719482436113,0.0141484355571,0.0256339483739,2.82112866393,1.08024000375,12.3021372782,0.162,4651.1,RGB,0.011000000000000001,0.001,0.003,0.13699999999999998,0.215,3.67
9652704,14.5383590745,187.824364784,0.287827541427,0.007756748318450001,0.0109944906907,3.06984745411,2.8260648506,6.25226869528,0.158,4829.2,RGB,0.005,0.006999999999999999,0.001,0.14400000000000002,0.151,2.7439999999999998
10801063,16.0564088079,200.28467057400002,0.309408470498,0.00789329845965,0.0102284321575,2.75974611147,-3.1409571598295862,4.727692644459999,-0.247,4848.5,RGB,0.005,0.006999999999999999,0.002,0.17600000000000002,0.17600000000000002,1.9409999999999998
5023889,5.34939030699,54.1587807628,0.10805000264499999,0.0115381223575,0.0248536903353,1.70233511622,0.6785172054449999,9.746844531219999,0.196,4619.6,RGB,0.009000000000000001,0.0008300000000000001,0.004,0.263,0.6579999999999999,3.608
11087371,11.5552167802,145.49533290000002,0.235646446096,0.009583411078299998,0.0103616013945,3.25021911003,2.25706688125,3.5792434909199993,0.296,4750.1,RGB,0.006999999999999999,0.008,0.002,0.292,0.272,1.703
11521197,6.16813362669,67.7007993855,0.100560305043,0.011332214147000001,0.023560685519500003,2.55023523784,2.5074920613400002,7.5735301775999995,-0.033,4828.6,RGB(S),0.01,0.001,0.004,0.153,0.203,3.58
9786625,4.67380350585,46.472543485100005,0.08684849277130001,0.0121348818436,0.027761636337599996,2.63704168173,2.01659268319,10.5677225066,0.098,4650.2,RGB,0.012,0.001,0.004,0.22699999999999998,0.24,3.737
11358755,3.9939095290499997,36.5795159404,0.0235357079673,0.0159042455599,0.037823731424,2.26708658368,2.07249403523,11.6783075352,0.036,4630.5,RGB,0.012,0.001,0.004,0.134,0.245,4.055
9535399,5.75284795911,58.017985976599995,0.0919835682077,0.0146809781855,0.0215014225186,2.3621950595700003,1.51996948447,6.9519870604600005,0.281,4554.5,RGB,0.01,0.002,0.005,0.883,0.489,3.798
9080407,4.71737767976,45.647030811499995,0.07520063036510001,0.014312015713700001,0.024478789806900002,2.9329206687700005,1.63288399366,10.7763015709,-0.093,4753.6,RGB,0.013000000000000001,0.002,0.003,0.35600000000000004,0.214,3.79
10272641,8.18849873457,90.6226431109,0.15015321646500002,0.011631395437,0.022584479012899998,2.7216009792199998,2.73188633358,5.4440541082000005,-0.127,4857.7,RGB,0.01,0.001,0.004,0.18,0.14300000000000002,2.4219999999999997
8742013,3.15477267975,25.3449920483,-0.0141454372184,0.0199720591134,0.039072186530599996,2.2835342592299996,1.23055100856,8.21729795796,-0.43,4675.2,RGB(S),0.012,0.002,0.004,0.19699999999999998,0.39799999999999996,4.096
5857618,6.309977153539999,72.0893689396,0.113752496866,0.0100584855805,0.0223271239383,3.2709589567400004,1.57604436261,9.90790757804,0.303,4702.6,RGB(S),0.012,0.001,0.003,0.311,0.359,4.015
6424157,8.86086019857,100.129118134,0.19925072142900002,0.010573660902100001,0.017822919895400004,2.53669869998,2.9287693519099998,8.08841537668,0.085,4765.0,RGB,0.008,0.001,0.003,0.23600000000000002,0.588,4.315
7674224,10.7593062471,130.86389775,0.221426071201,0.00954961207465,0.0143862569927,3.3088287940599996,2.1525654085,13.3688346719,0.253,4765.8,RGB,0.006,0.009000000000000001,0.002,0.151,0.171,3.02
8081278,3.80919875131,33.877272092199995,0.0434687972737,0.012223211633299999,0.03338504658,2.42993074033,1.05543581721,12.240511825799999,0.078,4529.5,RGB,0.013000000000000001,0.002,0.006,1.0290000000000001,0.68,3.861
10973854,3.56518894547,31.303833685,0.00448062267708,0.016037579080100003,0.0334957479516,2.54082947698,1.43605414197,11.3353698507,0.071,4532.5,RGB,0.012,0.001,0.004,0.177,0.25,3.398
11518492,5.338487034090001,52.8960384416,0.109770859598,0.014780215143,0.024200857183500003,2.8565643420200004,1.8640916337400002,8.77142734491,0.124,4671.8,RGB,0.01,0.013000000000000001,0.003,0.21100000000000002,0.182,3.418
11357686,5.84632288054,56.2711267146,0.101881924015,0.0164998785024,0.025222168178900002,2.54036786645,2.2563110227700003,10.565113414199999,0.03,4566.5,RGB,0.011000000000000001,0.001,0.003,0.198,0.319,3.569
9658793,4.43649942438,40.4998689115,0.055680227185699996,0.014482674473299999,0.0257369783662,2.76039684434,1.3206633775,9.16609815042,-0.16,4695.9,RGB,0.013999999999999999,0.001,0.003,0.313,0.287,4.111000000000001
9351617,4.32532533088,38.5622028836,0.015750504786,0.012914263140100002,0.030633250482200003,2.4514031065,0.7312941901960001,7.154105113210001,0.006,4835.7,RC(S),0.013000000000000001,0.002,0.004,0.26899999999999996,0.462,4.039
8675106,6.61183931036,73.0750233672,0.14422694773800002,0.0104277749038,0.021075404334400003,3.0542044427499997,1.96298492238,10.231643745,0.235,4723.8,RGB,0.009000000000000001,0.009000000000000001,0.003,0.145,0.18,3.815
3733028,13.252470620799999,178.741464751,0.29363530681999994,0.00739638337717,0.013814143104100002,3.06004630612,2.6437847853400003,7.14470982348,0.108,4964.9,RGB,0.006,0.006999999999999999,0.002,0.10099999999999999,0.134,3.701
9145781,17.6857586948,241.485502646,0.360787456267,0.006159910067609999,0.0116673093964,2.8195652091500003,-3.0551275156795863,8.52556735534,0.116,4900.0,RGB,0.006999999999999999,0.005,0.002,0.377,0.852,3.552
2018392,3.7559089741199996,33.5061540338,0.024341110802599996,0.017242264261700002,0.0304572773057,2.52532488237,1.1245572269700002,9.082513899730001,-0.082,4664.0,RGB,0.015,0.002,0.004,0.466,0.384,4.277
2570384,6.382008513860001,61.4187993307,0.110050515923,0.0195711112243,0.031079256323099998,3.27790082246,1.18398499687,13.5380915851,0.387,4553.3,RGB(S),0.017,0.001,0.003,0.16899999999999998,0.184,2.991
7109120,5.95248926164,60.8250529238,0.113012776606,0.0144871733792,0.030365989965900002,1.59496428471,1.96339636164,10.0320866237,0.424,4518.7,RGB,0.009000000000000001,0.013000000000000001,0.004,0.047,0.265,4.567
11287936,5.31295136484,51.472247486099995,0.09967950739589998,0.016494731643,0.0263064330632,3.2493293850300002,1.573643519,10.7781029551,0.055,4671.5,RGB,0.013000000000000001,0.002,0.003,0.267,0.177,3.389
10991673,4.36434214022,41.764939612,0.052681943688000006,0.014477320563000001,0.028318545603400004,2.62227567836,1.8886935663799997,9.696271585269999,0.016,4688.0,RGB,0.012,0.001,0.003,0.151,0.237,3.4189999999999996
8086192,7.08760560601,75.5318812179,0.146199331545,0.0121507331123,0.022655926778599997,2.69388342259,2.41878739001,8.13771954848,0.104,4699.5,RGB,0.009000000000000001,0.001,0.003,0.14800000000000002,0.188,3.616
12217154,4.617836950169999,46.4435620101,0.0167077379962,0.014589358352600001,0.0274495733617,2.61353282378,0.8602958799179999,10.624497377,-0.016,4890.2,RC(S),0.015,0.001,0.003,0.228,0.44299999999999995,3.3739999999999997
10394814,24.7202218207,208.00542909799998,0.33709931396399995,0.00617046320644,0.0331627339035,5.837963911819999,-0.345161907817,11.3515523702,-0.126,4975.9,RGB(S),0.021,0.003,0.004,0.384,0.147,3.2710000000000004
11028372,4.5476496888,40.0113277146,0.0583707518795,0.016701277606,0.023832844168599997,2.16942229852,-2.05285182898,10.5851699045,-0.294,4715.2,RGB,0.011000000000000001,0.001,0.005,0.47,2.977,3.7569999999999997
11250152,3.5395532413499997,30.0258342304,0.0163988734499,0.018492521824900004,0.0298144702215,2.63215163361,0.776726037487,10.089370589400001,-0.144,4648.2,RGB,0.012,0.002,0.005,0.294,0.31,3.7889999999999997
11177727,3.7623191409400003,31.3039111546,0.0321557090832,0.0184785544364,0.031200390372799997,2.18201376958,1.9711451162599998,8.28231781912,-0.098,4566.3,RGB,0.012,0.002,0.004,0.281,1.181,4.166
2570172,7.055491622060001,74.15954550890001,0.127523853963,0.0160496022662,0.0256021547854,3.1280241169400003,1.6038588115299999,9.803881516939999,0.444,4536.9,RGB,0.012,0.002,0.003,0.192,0.154,3.588
8612520,4.21777098218,42.4495149408,0.0347871358458,0.0124066362925,0.0307883805222,2.66396539535,1.32697121635,10.3086686455,0.097,4712.8,RGB,0.012,0.001,0.003,0.188,0.276,3.472
11027337,3.8699925915199995,33.8352392756,0.022894774898,0.015290345534,0.0300411485158,2.4192368123700003,2.1841307295599997,8.72267499002,0.026,4536.8,RGB,0.011000000000000001,0.002,0.004,0.19899999999999998,0.27699999999999997,3.728
8867740,2.94625495046,22.229398866100002,-0.017323492765900003,0.018009764667099998,0.0376303502832,2.05152383279,-0.5404195149009999,10.3093563353,-0.44,4554.1,RGB,0.017,0.002,0.005,0.34700000000000003,3.734,3.5789999999999997
3744043,9.89254944909,112.68179109999998,0.19149121242800002,0.0106901607392,0.0138896578373,2.6934499851599996,2.8072464452499997,5.1361828378,-0.295,4922.7,RGB,0.008,0.009000000000000001,0.004,0.22899999999999998,0.322,2.424
11441797,5.81846654118,57.752904308699996,0.09616507695860001,0.0142962816763,0.0247720996218,1.8302364384799998,0.45234886237099997,8.53450462152,-0.138,4737.4,RGB,0.013999999999999999,0.001,0.004,0.532,0.679,3.96
8822689,5.02388341588,54.7617430429,0.066341857193,0.00776904569811,0.027077548901400003,2.91204124532,0.693754584549,11.3638767217,-0.008,4941.7,RC(S),0.013000000000000001,0.002,0.005,0.87,0.574,3.321
11020211,9.896584946539999,107.58654811299999,0.204154034453,0.010965548811000002,0.017820218853,2.6102401876499997,2.59765359766,9.09885851421,-0.306,4772.9,RGB,0.006999999999999999,0.009000000000000001,0.002,0.177,0.168,4.184
10550429,10.6949240824,135.602514658,0.227349835005,0.007462691540869999,0.012652184533500001,3.0610695153099994,2.28939000125,3.4861515144300004,0.087,4872.4,RGB,0.009000000000000001,0.006,0.002,0.257,0.33399999999999996,1.6380000000000001
11353313,10.748124396800002,126.12695560200001,0.204054006598,0.00983724589869,0.012207722637200002,2.8219735902,2.55961665628,11.1534442825,-0.374,4965.4,RGB,0.006999999999999999,0.008,0.002,0.245,0.243,3.74
6768319,5.57130338265,53.8505884583,0.10268942596000001,0.0156983526675,0.022791007239900005,2.58721640345,2.07541072641,9.92690977415,0.078,4618.3,RGB,0.009000000000000001,0.001,0.003,0.191,0.193,3.361
5112361,6.149576845580001,70.4014435795,0.11769454988,0.00819699491549,0.0207154422029,3.03791521685,1.84677244412,8.26933826465,0.072,4843.6,RGB,0.009000000000000001,0.006999999999999999,0.003,0.136,0.225,3.855
11337883,11.6343314133,150.720729111,0.239101106981,0.00638755546013,0.0119369924357,2.56815254812,2.7912490685900004,8.94000642261,0.039,4900.2,RGB,0.008,0.001,0.003,0.42100000000000004,0.603,3.7510000000000003
4140726,4.9577020770099995,50.7751892387,0.0800712367487,0.013357865928200001,0.0263125954306,2.6136239392299996,1.47206661505,9.96587232103,0.123,4722.7,RGB,0.012,0.011000000000000001,0.003,0.193,0.349,3.668
11769182,4.5884701283,43.8639324046,0.0593433616892,0.015897470818399997,0.028575932510799998,2.69088543653,1.67681576503,5.96888996655,0.134,4620.9,RGB,0.013000000000000001,0.002,0.004,0.25,0.348,3.6319999999999997
5168713,4.76671688432,42.081142861,0.0753744473999,0.0160349235756,0.0240386138196,2.35292599782,-0.725863827728,10.6731508046,-0.289,4692.2,RGB,0.013000000000000001,0.002,0.005,0.451,3.594,3.472
11924919,9.327275519199999,116.055827281,0.199520850658,0.00786943793312,0.0114965978478,3.06478610953,2.41118801159,3.03844060324,0.188,4869.4,RGB,0.006999999999999999,0.006999999999999999,0.002,0.147,0.21899999999999997,0.934
5112948,4.26343729987,42.556225427,0.06394767843230001,0.0130100374856,0.0245140108522,3.3615256151499997,0.839224496021,11.057635411800002,0.126,4774.3,RGB,0.015,0.002,0.004,0.24600000000000002,0.23199999999999998,3.345
9267654,10.3282717739,118.687257266,0.20992533869199997,0.011323923496100001,0.021750389756900003,1.66052505155,1.8777033744799998,3.0156781142400004,-0.018,4792.7,RGB,0.006999999999999999,0.01,0.003,0.038,0.191,0.501
9163785,4.7267168,46.7707922838,0.037370671076800005,0.014198916257899999,0.025663759147099997,3.02112249043,1.80832855917,9.826979633330001,-0.12,4814.5,RGB,0.011000000000000001,0.001,0.004,0.295,0.23600000000000002,3.9619999999999997
9716866,3.7338372549699996,32.2973349716,0.013490322408000001,0.015519716273900001,0.032444756634,2.43282639442,1.59367076616,11.2452385208,0.029,4543.2,RGB,0.011000000000000001,0.002,0.004,0.158,0.248,3.641
8283356,11.1843252681,135.621521721,0.246263698569,0.00856913754343,0.012198980407300001,2.79475840287,2.84013876053,3.3560871021099996,0.156,4793.8,RGB,0.006,0.008,0.002,0.066,0.156,1.127
9882316,13.643841840599999,182.227238212,0.290559021791,0.00631853702222,0.00976237363822,3.4717340483800005,2.54777013444,8.12721954833,-0.377,5111.8,RGB,0.008,0.005,0.002,0.223,0.23199999999999998,3.3339999999999996
10593078,15.347535108499999,207.709956645,0.32428619036,0.0072030870964899995,0.0137489964239,3.1401119177999997,2.64058832639,9.82084256167,0.193,4845.9,RGB,0.005,0.006999999999999999,0.001,0.071,0.098,2.884
3633152,3.98309372617,33.4336561408,0.034886547378599995,0.0181462449233,0.0331501621958,2.0552708892299996,2.7190834954400005,10.4364283839,-0.242,4530.1,RGB,0.011000000000000001,0.001,0.004,0.107,0.462,3.803
7670489,4.03909889324,35.0793924639,0.0261837508425,0.0158973364227,0.0245243878847,2.53772827806,0.24025873557500002,9.883997749939999,-0.212,4554.3,RGB,0.013000000000000001,0.001,0.006,0.746,1.452,3.588
2307683,4.29605986654,39.916260155,0.0341092726964,0.015763062866100002,0.0338816018569,2.6630972638,1.4850422550100002,8.670170155569998,-0.156,4750.2,RGB,0.011000000000000001,0.001,0.003,0.092,0.182,4.452
2436900,4.0176462397,35.639881957600004,0.0478851943207,0.0166163774835,0.0310910225935,2.49098841942,0.762241832448,10.210250823300001,0.399,4403.2,RGB,0.013999999999999999,0.002,0.003,0.18899999999999997,0.307,3.478
4168909,11.6070116778,143.260670329,0.25411897071199996,0.009102075277739999,0.014701168762799999,3.12778082603,2.3626591606400003,4.669571351459999,0.331,4738.4,RGB,0.006999999999999999,0.008,0.003,0.25,0.19899999999999998,1.954
6935260,4.578981754019999,42.9020949454,0.0630366623751,0.014938942285299999,0.0283752608293,2.3680420382099996,1.6667780308000002,6.2857475038,-0.056,4709.4,RGB,0.01,0.013000000000000001,0.004,0.18600000000000003,0.43799999999999994,3.404
7518352,7.46696013796,76.8601113527,0.128204019611,0.012690760110299999,0.0156942573508,2.8298346989599996,2.20378791024,10.3346355129,-0.472,4906.8,RGB,0.006999999999999999,0.011000000000000001,0.002,0.182,0.207,3.992
9395535,2.9020080247299997,22.5282469855,-3.97525651129e-05,0.0174398523155,0.0436891124701,2.8587603255299996,0.00825930697209,9.49459834168,-0.218,4545.5,RGB,0.016,0.002,0.004,0.179,0.20800000000000002,3.653
9451999,4.14656899121,34.218604394699994,0.0192770379805,0.015780816664,0.032472996298799996,4.39949628571,-0.0005184019686919999,8.88487573239,-0.292,4917.3,RC,0.017,0.002,0.003,0.36200000000000004,0.213,3.852
9269772,5.90157607429,58.9250601486,0.132893043721,0.015053651086600001,0.021596848723,3.10992477803,1.8152966399200001,7.483043056930001,0.139,4630.5,RGB,0.011000000000000001,0.002,0.003,0.461,0.27399999999999997,3.529
2438333,6.050922262239999,61.1723579086,0.136429802422,0.0159522897808,0.0206350500636,3.0520299541400004,1.22750434199,6.69641685357,0.43,4522.4,RGB,0.012,0.001,0.003,0.292,0.335,4.282
11136854,7.2800913522,92.8556335798,0.123647310692,0.00618224771758,0.0211441393066,4.053170972809999,0.541089935373,10.7606202411,0.062,5071.5,RC(S),0.013999999999999999,0.001,0.003,0.473,0.28,3.284
6843557,4.82532709721,48.2602410194,0.0601949832685,0.011625871478600001,0.026398086732200003,2.64008717888,1.63104289435,8.998320835369999,0.209,4588.8,RGB,0.012,0.001,0.004,0.24100000000000002,0.397,3.613
3526061,10.6996819095,130.122889632,0.23390262173300003,0.0087982962693,0.0160817371804,2.96573915204,2.60457226813,9.20498352782,0.224,4770.3,RGB,0.006999999999999999,0.008,0.002,0.11699999999999999,0.114,3.446
11251136,3.19577922389,29.2615544762,0.00129886341167,0.017203361374599997,0.0381047869442,2.33507413219,1.58472825283,9.538834568210001,0.095,4602.5,RGB(S),0.013000000000000001,0.001,0.004,0.16399999999999998,0.41700000000000004,4.372
6681414,4.5654442583199994,39.941135691999996,0.0832669707715,0.0145533237184,0.0260958541536,2.38168142625,1.05882938312,9.65969182723,-0.142,4625.3,RGB,0.013000000000000001,0.001,0.004,0.25,0.446,3.611
10226276,6.04581374641,61.9105006434,0.110333263971,0.013160389025,0.0172343106213,2.68080348118,2.22353353582,9.86087016334,0.155,4620.1,RGB,0.01,0.011000000000000001,0.004,0.509,0.48,3.609
11084022,4.646830497190001,44.963835529399994,0.0707542960545,0.0103977064552,0.027524843525000002,2.1831711752,2.75776171496,9.85982984298,0.029,4655.9,RGB,0.009000000000000001,0.001,0.004,0.251,1.1159999999999999,3.932
11621486,4.02681203587,36.2586528642,0.0165260542861,0.0149071150086,0.030365599080500003,2.52538482285,1.2289350863600002,9.82556020883,-0.271,4753.9,RGB,0.013999999999999999,0.002,0.003,0.344,0.33399999999999996,4.103
11250139,4.586595641690001,39.8245605228,0.0755033064455,0.0165660435596,0.022623590776400002,2.5276511629400003,1.6363826791999998,8.50660777161,-0.313,4607.0,RGB,0.01,0.001,0.006,0.377,0.28,3.801
4041405,2.5639717483,18.808899992,-0.047883042789400004,0.0200121196268,0.0429072027326,2.38842708233,1.61217322803,9.53444211116,-0.438,4533.8,RGB,0.015,0.002,0.005,0.40700000000000003,1.275,3.715
10145279,3.55028992791,30.9501870645,0.0379372097361,0.013111942808100002,0.0305839129511,3.04750934384,0.36848273930799996,10.9780748399,-0.232,4709.3,RGB,0.013000000000000001,0.002,0.003,0.289,0.271,3.6
9028321,4.718217158580001,46.7114343142,0.0762534362615,0.016094494206600002,0.023638193218999997,3.09872713051,1.62837923629,11.820966495999999,0.143,4659.9,RGB,0.013000000000000001,0.001,0.003,0.31,0.254,3.503
4545474,3.88174610648,37.9376136741,0.042224483592400004,0.01542525264,0.0296770772592,3.8191945736900004,0.722392852646,7.58984919115,0.271,4572.0,RGB,0.013000000000000001,0.002,0.003,0.29,0.16899999999999998,3.8169999999999997
6851499,5.613041269480001,52.535496309399996,0.11377364001800001,0.014251887275799999,0.026505282168799996,2.38427741635,1.6406295470200003,9.52515771226,-0.163,4669.1,RGB,0.01,0.012,0.003,0.17,0.282,3.5789999999999997
10123207,13.687710806199998,161.152530085,0.254871309477,0.00989782538,0.0119424334259,2.74778236363,3.0616486426,9.773159711289999,-0.414,4843.3,RGB,0.006,0.009000000000000001,0.001,0.132,0.201,3.7439999999999998
6181896,6.48496429493,70.49413227560001,0.0901333083405,0.011569383284,0.024142558868,2.73164204923,2.2136606238799996,4.15606456211,-0.346,4969.7,RGB,0.01,0.01,0.003,0.09699999999999999,0.244,2.144
10257278,12.167394314300001,149.621236386,0.258377320167,0.00822194565887,0.0114091872808,3.07965760308,2.53120590752,4.096287242180001,-0.015,4891.7,RGB,0.008,0.001,0.002,0.374,0.28300000000000003,2.025
5858947,14.5724689044,170.425185373,0.251842972604,0.00969745839525,0.007366186281759999,2.98949774574,-3.077903574719586,10.944880209,-0.809,5002.2,RGB,0.005,0.009000000000000001,0.001,0.225,0.23600000000000002,3.4419999999999997
12005162,12.902273319,160.635454444,0.249556564348,0.00961606198689,0.00980116591628,3.1850446515599997,2.66406402703,9.61619802739,-0.115,4964.0,RGB,0.008,0.008,0.001,0.302,0.213,3.323
11869095,5.3575406785,56.0686895554,0.11462902159000002,0.011144137555,0.0257913856898,3.02529943176,0.8755376982459999,5.35580320744,0.3,4631.5,RGB,0.009000000000000001,0.00099,0.004,0.218,0.414,2.76
4543229,3.15420584735,25.4222083425,-0.0233616828625,0.0212219413501,0.0368650336646,2.1064309211400003,1.7417895018599998,10.6970483559,-0.16,4470.0,RGB,0.013000000000000001,0.001,0.004,0.17,0.48700000000000004,3.3789999999999996
3642038,4.25329161063,40.6715572584,0.0563181648885,0.0156580314579,0.0286013856687,3.0446771443299996,1.36312283629,7.50377685976,-0.084,4710.9,RGB,0.015,0.002,0.003,0.28,0.18600000000000003,3.2889999999999997
8285510,3.07884611384,24.496984486,-0.00146865357572,0.017153049935299997,0.0378238422755,2.1815414488,1.25826317544,9.18346794326,-0.306,4644.8,RGB,0.013000000000000001,0.002,0.004,0.235,0.493,3.964
6144777,10.984097786300001,129.714056999,0.247322196932,0.009466227356870001,0.0134786649856,2.89611698961,2.3435529488499998,9.21535027509,0.167,4753.6,RGB,0.006,0.009000000000000001,0.001,0.122,0.141,3.3280000000000003
8677342,5.20189742836,52.4997185999,0.0954599167354,0.0112940218381,0.024647097897099998,2.69265552452,1.82641314009,9.376230453589999,-0.042,4761.4,RGB,0.011000000000000001,0.0009699999999999999,0.003,0.172,0.27399999999999997,3.7039999999999997
8742545,12.3019319674,143.47740057200002,0.239399597993,0.0110945998829,0.0133178264561,3.20158650707,2.54575487399,9.399546830610001,-0.221,4892.5,RGB,0.006,0.00049,0.001,0.157,0.136,3.605
9967351,5.698401152459999,60.3163566747,0.0946876621326,0.0130223735549,0.025398620536099998,2.7417873573100002,1.8601966299700001,9.37642999097,-0.112,4840.4,RGB,0.013000000000000001,0.001,0.003,0.212,0.322,3.825
9640886,3.95859314292,35.0448458428,0.021248534290999998,0.0146992791081,0.0276139633044,2.30175469253,0.7689336789,10.7981787684,0.194,4502.4,RGB,0.01,0.001,0.004,0.354,0.545,3.4539999999999997
2831788,5.46302231896,54.5349266054,0.0952423584715,0.013415278712500001,0.0218270670742,2.77086318946,2.0050756470400004,7.4052462926,0.13,4617.1,RGB,0.01,0.001,0.004,0.297,0.266,3.738
11308784,6.1558098145099995,62.1591848434,0.130740785001,0.0139784551153,0.020471788778400002,2.97146291748,1.8853757267099998,10.4909407885,-0.161,4766.8,RGB,0.009000000000000001,0.001,0.003,0.23399999999999999,0.19,3.318
10610250,12.6042568149,153.974893771,0.26329769393,0.00951246024782,0.0172831915513,2.8208473793700004,2.66388971094,7.1171979295700005,0.213,4686.3,RGB,0.006,0.009000000000000001,0.003,0.071,0.10400000000000001,3.332
8565016,6.05937367739,61.5001419037,0.11748915092000001,0.013918116545799998,0.023365273248,2.58908082112,2.44582530537,10.2977512831,0.243,4591.5,RGB,0.009000000000000001,0.012,0.004,0.157,0.21899999999999997,3.634
7619745,13.1086202805,170.95469962200002,0.272997914024,0.00629088222159,0.012239601804799998,2.83824013638,2.55734743498,10.0764085403,-0.022,4970.3,RGB,0.006,0.001,0.002,0.39899999999999997,0.423,3.529
9228469,9.22252982439,105.936179495,0.19574324718400002,0.009841924089899999,0.017129524160700002,3.07695253713,2.0398221673299997,8.6273044195,-0.273,4952.7,RGB,0.006999999999999999,0.008,0.002,0.152,0.14300000000000002,3.341
9335518,9.1030271674,104.227658012,0.217074953321,0.010233819302200001,0.0160596292863,3.1445995829299997,1.86431699525,10.4800411319,0.333,4653.5,RGB,0.008,0.009000000000000001,0.002,0.182,0.171,3.42
10881810,11.9027649701,149.796228589,0.2204336212,0.00993288896409,0.010723515683899999,3.61483200085,2.5378503977,8.856379844800001,-0.031,4911.3,RGB,0.008,0.001,0.002,0.332,0.245,3.615
10202184,12.740803401700001,160.143130847,0.255279577331,0.009326952027540001,0.011782762625500001,3.2612834331700005,2.75373186354,9.594940376819999,-0.177,4837.7,RGB,0.006,0.008,0.002,0.23800000000000002,0.21600000000000003,3.505
9728284,4.89994469426,47.4425018233,0.0617081801537,0.015574587688599999,0.0274744215989,2.7607705464700003,1.8908801145599996,6.90317377003,-0.025,4701.5,RGB,0.012,0.002,0.004,0.253,0.316,3.3539999999999996
9579860,5.88192126569,55.468369395799996,0.09849128136339999,0.0149702452093,0.0274089848558,2.2037460997,2.30342755789,5.93954529015,-0.168,4646.9,RGB,0.01,0.001,0.004,0.16699999999999998,0.396,3.4219999999999997
10291535,8.55697227468,116.29515515700001,0.167918378303,0.008234183612420001,0.0204266003044,2.93636832856,2.99900073992,10.5450399219,-0.061,5053.2,RGB,0.013000000000000001,0.00099,0.004,0.193,0.359,3.315
11456449,9.36800925528,114.609043391,0.19710616076499998,0.00738285784248,0.012323714535100002,2.94868055041,2.8566585002099996,3.09502079671,0.082,4851.5,RGB,0.008,0.006,0.002,0.127,0.223,1.4140000000000001
1433730,4.06009512658,40.0291130647,0.0431353974072,0.0148071082372,0.0277314333299,2.8507130690499998,1.0427055204200002,11.3406193552,-0.029,4727.2,RGB,0.013000000000000001,0.001,0.004,0.319,0.387,3.215
12314910,2.93687195269,22.7086157409,0.00134798217554,0.0189373959921,0.0425347277896,2.46186056453,0.24939502461399998,7.55018005398,-0.177,4514.1,RGB,0.017,0.002,0.005,0.253,0.518,4.172
10524715,6.2907512494199995,64.2250708024,0.11993812577400001,0.0134420596334,0.021190012862800003,2.45750894628,1.83675626617,10.233562797100001,-0.196,4857.6,RGB,0.01,0.012,0.003,0.151,0.337,3.661
8283646,6.11876400909,65.8910659958,0.101635779254,0.0132609045757,0.023131216468500002,2.64319560466,1.8955476054599998,7.28182888565,0.186,4738.4,RGB,0.011000000000000001,0.012,0.004,0.10800000000000001,0.252,3.181
6262867,3.7391766216500004,30.7759083514,0.0265748546023,0.0165492182374,0.0326037322705,2.7054066956000002,1.09609674431,9.75883693097,-0.266,4542.2,RGB,0.013000000000000001,0.001,0.004,0.257,0.44299999999999995,3.596
9456478,2.54389798317,19.7650403108,-0.04835645181750001,0.0208177757649,0.0467228932424,2.50499482258,0.441627227905,8.49684733805,-0.019,4477.0,RGB,0.013000000000000001,0.002,0.004,0.17800000000000002,0.313,3.782
4262505,7.952033865010001,89.2643234426,0.148224969453,0.012512892857500001,0.020137506484,2.81269064422,2.4815607895099996,6.89259062241,-0.14,4858.8,RGB,0.009000000000000001,0.011000000000000001,0.003,0.226,0.239,3.095
10459696,5.86457791387,61.5465053716,0.0884970257581,0.0131326707259,0.0202977284594,2.7402321098400004,2.29617371004,9.73403163694,0.198,4643.8,RGB,0.01,0.0009,0.002,0.21899999999999997,0.256,3.435
11716326,16.7587702948,222.919130074,0.33552265917199997,0.0072585901911,0.0101206265731,2.9909307945599997,2.7239374593299996,5.80641393915,0.146,4829.8,RGB,0.005,0.006999999999999999,0.001,0.096,0.098,2.415
11361765,9.209004350619999,104.078594273,0.187323233685,0.012914842527299998,0.015955204419499998,3.4349796936000003,2.1239939306099997,8.51355619742,-0.234,4891.6,RGB,0.008,0.001,0.002,0.254,0.15,3.5239999999999996
11126673,5.65320090137,55.907664866400005,0.111146947804,0.0123655295315,0.0234493816939,2.60604783176,2.12600041539,3.3188594449,-0.02,4667.5,RGB,0.01,0.001,0.004,0.244,0.228,1.527
6117517,10.1089466798,119.997164159,0.22955064593600003,0.009652156446940001,0.0150629719285,2.81175906768,2.2993147455500003,6.5440694617799995,0.298,4687.5,RGB,0.008,0.009000000000000001,0.002,0.107,0.168,3.217
8283958,3.98993071119,35.6732493903,0.020654219307400003,0.015825775556,0.0291344905487,2.16660321894,1.2593820697799998,10.9191018875,-0.18,4718.9,RGB,0.011000000000000001,0.001,0.004,0.237,0.509,3.51
8350645,5.2443026311,54.1958401467,0.07439393232149999,0.013752151921399999,0.0273873471691,2.76071823297,1.5718764862,11.754949356400001,0.133,4698.8,RGB,0.01,0.012,0.003,0.092,0.19399999999999998,3.312
10864711,4.85483165601,45.0643490924,0.07695739849939999,0.0140447893651,0.025978703175800002,2.48940225635,1.71384272113,10.439033604199999,-0.018,4638.0,RGB,0.01,0.001,0.003,0.209,0.275,3.489
10207321,6.69589475122,65.020140326,0.137736210523,0.0147376455363,0.0244764756148,2.37895743789,2.4477928375499998,6.40307426822,-0.357,4669.1,RGB,0.006999999999999999,0.00099,0.004,0.162,0.376,3.1710000000000003
10159217,5.441974617610001,54.4598921672,0.08840306858750001,0.0149012570029,0.0242737373588,2.80017583519,1.9458181566599997,9.21472792874,0.166,4655.1,RGB,0.012,0.001,0.003,0.22899999999999998,0.248,3.7060000000000004
2569618,5.6456373364,55.7688089753,0.11441594494200001,0.0161202597756,0.0236298187434,3.23007392072,1.50901486337,9.92268421578,0.402,4479.9,RGB,0.013999999999999999,0.001,0.003,0.402,0.22,3.5460000000000003
11180468,5.0363969842900005,51.489687320600005,0.07187542669239999,0.013253781853799999,0.0216961977675,2.64205817218,1.55408669224,9.91254347123,0.222,4669.2,RGB,0.013000000000000001,0.001,0.004,0.455,0.546,3.603
3527032,4.54406195956,43.039234818000004,0.046889964938599996,0.0156065748621,0.0283118617558,2.23172564863,2.1495488111200003,7.82950668483,-0.147,4783.4,RGB,0.012,0.00081,0.004,0.187,0.627,3.408
9002344,4.35527684977,43.4874577742,0.0682941133652,0.012951238351100002,0.024496924213600002,3.2674554126200004,0.26314580384799996,10.5718869888,-0.041,4753.8,AMB,0.012,0.001,0.005,0.539,2.4859999999999998,3.7880000000000003
6590363,3.61850800107,31.5231120399,0.009435011998620001,0.0161663604462,0.031953074343500004,2.0822549123900003,2.3840092955400003,9.7804144591,0.067,4558.2,RGB,0.013999999999999999,0.002,0.005,0.34700000000000003,2.346,3.804
6101471,9.20929217207,105.380123163,0.188987509907,0.0101583142563,0.0172084971447,2.8593811454000004,2.15699281499,9.55862508017,-0.106,4886.5,RGB,0.011000000000000001,0.008,0.002,0.21600000000000003,0.217,3.484
11560939,12.4384344087,162.643067354,0.237933598623,0.0076903190846199995,0.0223368301882,1.50828850361,-2.5991934571695863,4.52185014264,0.057,4913.8,RGB,0.006,0.006999999999999999,0.004,0.031,2.7089999999999996,1.975
8154383,6.37564645411,66.8568760293,0.136133483977,0.011720568454100001,0.0219696146857,2.7609953139499996,1.9014271701700003,9.65768750781,0.261,4613.2,RGB,0.009000000000000001,0.001,0.002,0.16,0.16699999999999998,3.603
11045572,6.00387113507,64.2605701383,0.09835038342949999,0.008726768233709999,0.0215018824329,2.37666618065,1.0617118113,9.89278266467,0.168,4678.9,RGB,0.01,0.001,0.004,0.46,2.925,3.7880000000000003
9511938,4.90381527066,49.1593939953,0.08078650111939999,0.011841045465,0.0320974561884,1.4823563068,1.9274528745800001,5.39816654213,0.183,4585.7,RGB,0.013000000000000001,0.001,0.006,0.075,0.429,4.027
10025321,10.4595360237,131.606006536,0.208950767672,0.00852406567463,0.0163641496196,3.0228668509900003,2.66473301938,10.3515442653,0.044,4864.1,RGB,0.008,0.006999999999999999,0.002,0.17,0.191,3.185
10866415,8.75010929695,95.4196266869,0.187767639749,0.0118673257803,0.0218356120375,2.5495051616900004,2.35940356437,9.107159674910001,0.054,4740.9,RGB,0.006,0.011000000000000001,0.003,0.09300000000000001,0.099,3.116
3424105,5.13793777789,51.54685543430001,0.0957988152682,0.0121036477872,0.020074549755900003,2.6500490242700003,1.53467199954,11.0359406871,0.253,4599.5,RGB,0.009000000000000001,0.011000000000000001,0.005,0.578,0.35200000000000004,3.373
9291830,4.3740605204800005,46.5807813999,0.0421864259456,0.0125189180756,0.029801566132400002,3.69240455784,0.6793026664219999,11.0942817255,0.022,4976.4,RC,0.015,0.002,0.003,0.322,0.24600000000000002,3.286
4906950,5.21553642514,53.4527328341,0.117263756316,0.00940765835842,0.0297237798784,2.757924418,1.83093161931,11.413878717100001,0.192,4624.7,RGB,0.012,0.001,0.006,0.6920000000000001,0.871,3.32
9883123,8.271843310549999,94.3560402166,0.15149193693,0.011665107444299999,0.0124429062803,3.13953306371,2.48794285231,9.62287854456,-0.071,4866.9,RGB,0.008,0.0009400000000000001,0.002,0.29600000000000004,0.29600000000000004,3.7460000000000004
11513798,8.32867462001,91.72781145639999,0.18800974252,0.011999533474099999,0.0174583933339,2.7822798101200004,2.32816899007,10.7301233128,0.291,4642.3,RGB,0.01,0.001,0.003,0.265,0.158,3.41
10136291,4.06828999733,34.113773450100005,0.051813126548300004,0.017370044125299997,0.0300794154295,2.24703424979,1.91747842354,8.77178196831,-0.185,4555.1,RGB,0.01,0.001,0.004,0.237,0.708,4.245
8284032,4.27306732167,38.9740378854,0.045617789838199994,0.0133608370157,0.029202991246400002,2.42470648972,1.52509167363,7.25578351041,-0.279,4750.5,RGB,0.01,0.001,0.004,0.302,0.322,4.178
9713617,12.508041410899999,155.631499287,0.274932941365,0.008500963661359998,0.0110503508393,3.00767833088,2.24841065419,3.1821117629000004,0.422,4653.0,RGB,0.006999999999999999,0.001,0.002,0.335,0.293,1.8019999999999998
9583720,5.66762563135,56.3884996704,0.113621355566,0.014075358102799999,0.025738280367499998,2.73522209088,2.074657216,9.23086844383,0.102,4636.2,RGB,0.01,0.001,0.004,0.198,0.171,3.611
8737032,4.42087662795,42.5743243115,0.0315813057081,0.0145861183473,0.029936828273900002,2.33548789983,2.4992379736099997,8.31770088957,-0.034,4694.5,RGB,0.011000000000000001,0.001,0.004,0.184,0.564,3.964
3527891,3.51587880451,31.511315343899998,0.042129562412,0.0146138496921,0.0362217647762,2.52934461402,0.7293913710719999,8.93519028357,0.072,4606.8,RGB,0.013000000000000001,0.001,0.004,0.154,0.298,3.7439999999999998
6262706,5.6894581549900005,58.901707038400005,0.097801670139,0.0159587946558,0.022204963037400004,3.3938970154000003,1.25547532758,10.9076081557,-0.069,4835.6,RGB,0.016,0.002,0.004,0.44,0.39,3.84
12120230,5.28443244239,50.4896827913,0.10004231013699999,0.0151765503948,0.025193087083900004,2.83635865004,1.70088090389,5.937778514650001,-0.212,4776.3,RGB,0.011000000000000001,0.002,0.003,0.325,0.39899999999999997,3.113
2436209,5.71906116163,57.162537408199995,0.09002657501900001,0.016099744511100002,0.023560347629299996,2.8247490781700004,1.5854035449200001,9.14089043694,0.428,4498.4,RGB,0.011000000000000001,0.001,0.003,0.16699999999999998,0.228,3.5460000000000003
6928997,10.0066131005,122.98663870899999,0.24067242712499998,0.008409608900270002,0.0171614672842,2.85173513537,2.29220833345,10.047267014900001,0.25,4783.0,RGB,0.008,0.008,0.002,0.105,0.174,3.147
3120486,10.6403303098,139.256096891,0.208888463558,0.00868485862993,0.0144524292439,3.0575066362700003,2.5150775305,5.54364461648,0.228,4859.4,RGB,0.008,0.00037999999999999997,0.002,0.094,0.16399999999999998,2.259
11298776,4.51991772445,40.0738132175,0.0545082883244,0.0172507101191,0.0248462652903,2.07278745525,0.51435695492,8.887862802879999,-0.118,4592.0,RGB,0.01,0.001,0.005,0.327,2.015,4.349
3633057,5.2322263866,50.7277759462,0.07262204635080001,0.0160891062133,0.023476398606400002,2.94514513947,1.9940768918400003,9.08494129288,-0.229,4796.3,RGB,0.012,0.002,0.003,0.348,0.363,3.5389999999999997
11704163,4.78040551898,46.0463884421,0.066849918893,0.015203371306100001,0.027016266016599996,2.67001904671,1.88509780029,9.052026540810001,0.005,4692.1,RGB,0.013000000000000001,0.002,0.004,0.207,0.207,4.09
11289822,6.7503004859899995,72.3543753494,0.142825953035,0.014397787480500001,0.0285435626127,2.7489287057200005,1.8826052948700003,9.19223467099,0.418,4561.1,RGB,0.01,0.013000000000000001,0.003,0.134,0.156,3.385
2140446,5.6542188406900005,57.6970404159,0.113622264443,0.0106834430088,0.025618324238999998,1.51867587699,2.0832254168,2.60779384337,0.302,4549.9,RGB,0.009000000000000001,0.001,0.003,0.084,0.486,0.74
3443483,10.682117570900001,134.73996313700002,0.218437193353,0.00785806619294,0.014766876898299999,2.85987851392,2.74305762087,4.0058883321900005,0.096,4866.3,RGB,0.008,0.006999999999999999,0.002,0.132,0.221,1.232
7430868,5.674602436640001,53.8124451278,0.11868414363299999,0.0128646533612,0.0242740108922,2.26072135533,2.15789766346,9.42100447822,-0.112,4569.3,RGB,0.01,0.001,0.003,0.18899999999999997,0.46799999999999997,3.537
10992126,1.6395213619,7.76036212572,-0.120927751589,0.0233086956135,0.0621002652317,4.59466971209,2.9048773175295866,0.645414288209,-0.443,4433.6,RGB,0.018000000000000002,0.002,0.005,0.502,0.317,0.142
5287610,6.16088148896,61.4189052355,0.12548914708699999,0.0107240412958,0.024496779360199998,3.3525322275200002,1.19025301783,6.00612675421,0.063,4590.0,RGB,0.009000000000000001,0.009000000000000001,0.004,0.092,0.127,3.072
10473692,8.6419145843,93.4907788194,0.186462773481,0.0118711759204,0.0177316107426,2.5945406135900004,2.11261568844,10.512728176900001,0.004,4729.9,RGB,0.006999999999999999,0.00045999999999999996,0.002,0.10300000000000001,0.127,3.2110000000000003
9139859,6.832004180219999,72.9322545589,0.139791690828,0.0114979370748,0.0226071558837,2.7265918161,1.9819544440299999,6.83081488706,0.342,4603.0,RGB,0.009000000000000001,0.01,0.003,0.16,0.195,3.18
6678432,5.669498781690001,56.772066959600004,0.141100167785,0.0141395855546,0.0180297458648,3.749965127,1.2763400333200001,9.28031362469,0.195,4564.5,RGB,0.01,0.002,0.003,0.433,0.233,3.951
4991033,5.26001038669,48.9348527891,0.08022466075519999,0.0174369380555,0.0268656829869,2.1173335426,2.12774527987,10.0131449236,-0.013,4616.0,RGB,0.01,0.015,0.003,0.136,0.39299999999999996,3.375
10213931,4.55032077078,42.9485857215,0.0337840277307,0.0152574691328,0.029505628572299998,2.2672867916299997,2.34230698979,5.02630283631,0.016,4643.5,RGB,0.013999999999999999,0.002,0.004,0.195,0.449,3.248
7346442,5.2011317968199995,48.6368257289,0.07477747610089999,0.016880471861,0.028733270405900003,2.6368799991599996,1.53021193033,8.83667769363,-0.168,4699.5,RGB,0.01,0.002,0.003,0.16899999999999998,0.198,3.4930000000000003
11517524,8.83130788118,103.68281079,0.195198736754,0.007712513110850001,0.0225718526022,1.66446639305,-2.785674088569586,2.87438857001,0.241,4751.8,RGB,0.008,0.006999999999999999,0.009000000000000001,0.125,0.757,3.767
4469602,3.4848657229900004,32.261027064400004,0.000259729601366,0.0140211112698,0.0341596369444,2.96164864239,1.16430140327,10.067268848,-0.064,4728.2,RGB,0.016,0.001,0.004,0.298,0.321,3.89
9589638,4.388280717930001,40.1512221265,0.0709343885934,0.014059077349,0.027583219336299997,2.73739632949,1.3125612470299999,9.38352058908,-0.261,4776.9,RGB,0.011000000000000001,0.001,0.003,0.139,0.239,3.765
8955683,4.72981198901,47.3679875184,0.0631157845863,0.0134643938294,0.0319514358252,2.93457103042,0.022296535500500002,10.3489000791,-0.085,4910.6,RC,0.013000000000000001,0.001,0.004,0.131,0.265,3.5789999999999997
12116393,6.252447189830001,62.211366463599994,0.109010493053,0.014615223524200001,0.0224258804269,2.74972468505,2.26104585658,7.0684145786000006,0.075,4655.9,RGB,0.011000000000000001,0.001,0.004,0.235,0.212,3.2939999999999996
8475025,9.62417211492,113.099946492,0.207157150252,0.0100272642427,0.0169024950262,2.5678748169,2.80502588604,10.7381025194,-0.032,4855.5,RGB,0.01,0.009000000000000001,0.004,0.596,0.718,3.615
5112744,4.40350036374,44.653550868100005,0.0321111128993,0.0129294101774,0.0276799963323,2.68259847901,1.0845909873100001,10.551215091,0.101,4690.4,RGB,0.013999999999999999,0.002,0.005,0.706,2.377,3.485
9820702,5.9726675808300005,61.5162208993,0.115796174326,0.0120668373929,0.023022123817599997,2.60160736328,1.93412868102,10.6160692822,-0.081,4771.4,RGB,0.01,0.011000000000000001,0.002,0.111,0.28800000000000003,3.386
3747860,4.08331798008,36.0415693215,0.023637346627,0.0174424451715,0.0273686140499,1.9892152918400001,1.06023087731,10.497848366900001,-0.183,4703.7,RGB,0.012,0.001,0.005,0.314,0.83,3.429
10157507,6.63393796242,68.1941342347,0.15097461642999999,0.0125947969343,0.0241722894868,2.64834789955,2.4479444446,11.4089407106,-0.014,4723.7,RGB,0.006999999999999999,0.011000000000000001,0.003,0.083,0.16699999999999998,3.5789999999999997
11231549,3.41673644223,30.1652916886,0.00809108674618,0.0153736353642,0.0335965608598,2.1028890926700003,1.21410899258,10.810228688299999,0.026,4581.7,RGB,0.015,0.001,0.004,0.223,0.6579999999999999,3.46
10132247,6.4916449937000005,63.4978962741,0.132999651001,0.0134774355133,0.0197341117855,2.43294264598,2.5044219717400003,7.49619558205,-0.135,4729.4,RGB,0.008,0.001,0.004,0.275,0.573,3.801
11410217,16.0514172372,228.98167257,0.354297101421,0.00673787479799,0.010804280156399998,3.30145372497,2.64839348093,10.7031521715,0.146,4956.0,RGB,0.009000000000000001,0.001,0.001,0.307,0.174,3.3089999999999997
8802374,3.5908328782699996,31.4494958052,0.0183633095331,0.017334942122200003,0.0342526084432,2.5532712413099996,1.06744504189,10.8346750452,-0.25,4731.2,RGB,0.012,0.001,0.003,0.127,0.28800000000000003,3.492
6501676,4.79361032856,43.1471693698,0.0878344811368,0.0164140775277,0.0253177072327,2.62064163992,1.28161938089,10.5447068654,-0.096,4612.2,RGB,0.012,0.001,0.003,0.22399999999999998,0.281,3.4560000000000004
9333501,3.4656876547099995,27.039244690100002,0.0232907894222,0.017393831116900002,0.0379510092565,2.49260915904,0.337653344808,4.0602314141199995,-0.437,4601.6,RGB,0.013999999999999999,0.002,0.005,0.24,0.366,3.19
9517542,2.66832586143,20.7280957629,-0.0180197621713,0.0145419777135,0.0445974622934,2.55902498317,0.159143451509,10.2596510085,-0.039,4515.9,RGB,0.013000000000000001,0.002,0.003,0.14400000000000002,0.293,3.471
11244968,2.6861789717400004,23.835890912600004,-0.04360780352080001,0.018480443624900002,0.0426877028045,2.67023592293,0.0557097181563,11.383444351,-0.019,4630.5,RGB,0.013999999999999999,0.002,0.004,0.115,0.292,3.2319999999999998
11293804,3.92773024274,34.194735503800004,0.0274220486297,0.0171796380401,0.0268082555527,2.43385413949,1.59750206684,10.3839981627,0.044,4534.1,RGB,0.011000000000000001,0.001,0.006,0.257,0.27399999999999997,3.487
11599342,10.7741477934,131.389537746,0.220533349458,0.00841181326308,0.0103604479044,3.05326578283,2.73988109197,9.19962076738,-0.056,4899.5,RGB,0.008,0.006999999999999999,0.002,0.285,0.289,3.565
11971940,4.63082133489,47.4016291899,0.0617838373491,0.009192174381350001,0.0263264789677,2.59703430263,1.8022921499400002,2.17325293532,0.353,4583.8,RGB(S),0.012,0.001,0.003,0.212,0.535,1.4280000000000002
10200377,12.509105959200001,143.31670314299998,0.24202791825599998,0.0108335626081,0.007766326745130001,3.4876082297800006,2.39411052681,4.59838868545,-0.519,4836.7,RGB,0.006999999999999999,0.001,0.002,0.47,0.369,3.25
2696732,8.32762710197,91.6381313033,0.197140092596,0.010375081711499999,0.018058181454,2.61745768099,2.8398539235199998,4.403471027059999,-0.09,4818.3,RGB,0.006999999999999999,0.002,0.004,0.597,1.176,2.798
4638317,3.40040206389,27.9808214106,0.010456105854399999,0.0205611816617,0.0340558907099,2.31479322768,1.5705834118000002,9.965262690369999,-0.194,4554.3,RGB,0.011000000000000001,0.001,0.004,0.23800000000000002,0.667,3.531
11568605,4.85400467228,49.7649218075,0.105304357361,0.00775102207496,0.031682030653900004,1.7125304138799997,1.59906383762,3.98988842431,0.173,4661.2,RGB,0.011000000000000001,0.001,0.005,0.066,0.41600000000000004,3.872
9835626,5.4273491677,55.468912370299996,0.0859180736851,0.0140091916075,0.023366938758900002,2.80584848374,1.57651631061,10.954966456800001,0.202,4627.2,RGB,0.011000000000000001,0.001,0.003,0.19699999999999998,0.32799999999999996,3.412
8415501,3.6049592469699996,31.7342062925,0.017287372287400002,0.0151817342271,0.0275720243607,2.28104240943,0.7062261886769999,10.51473226,-0.212,4697.0,RGB,0.015,0.001,0.006999999999999999,0.591,0.718,3.583
9080175,5.34425238187,48.4979659296,0.09441708750389999,0.0181373603381,0.022699065595400005,2.19507499975,1.3459486326299999,10.425921860499999,-0.337,4618.8,RGB,0.008,0.016,0.003,0.29100000000000004,0.43700000000000006,3.5239999999999996
11968334,11.3863757224,141.337863256,0.24160182018000004,0.009964592434290001,0.0137792041646,3.23073429666,2.36061441671,9.29702801531,0.257,4796.8,RGB,0.006,0.009000000000000001,0.002,0.226,0.205,3.137
11612603,8.09559659017,86.377161421,0.175153014102,0.012626024287,0.0206662490615,2.48878352848,2.10857447903,6.867150669090001,0.07,4686.3,RGB,0.006,0.0006799999999999999,0.003,0.14800000000000002,0.289,3.345
9967700,9.64496317349,108.47790377700001,0.191040395792,0.00907511793633,0.0156286243082,2.3905308161099996,2.03058943559,5.94636579799,-0.329,4891.1,RGB,0.009000000000000001,0.00084,0.004,0.217,2.745,3.596
11204531,4.2040462210500005,41.1978301321,0.0473689634407,0.0137500472254,0.0277446897077,3.2529210130900004,1.32309710203,10.3586806912,-0.158,4763.9,RGB,0.013000000000000001,0.002,0.003,0.40399999999999997,0.252,3.25
10328498,4.52016128128,43.0540764699,0.0750229879611,0.016416080079700003,0.0190498991623,3.0899179928400002,1.8280973703099999,1.2018938233,-0.02,4718.7,RGB,0.016,0.002,0.006999999999999999,0.526,1.079,0.37
4548564,6.00560545161,57.28524067319999,0.120260821838,0.013831320936700002,0.024015578179099998,2.2862878911,2.4139398254,9.87706050725,-0.203,4625.0,RGB,0.009000000000000001,0.0007599999999999999,0.003,0.188,0.546,3.467
11135910,3.66690769149,29.638076691,0.013746222780599998,0.0186507159203,0.0345899932531,2.23234858575,1.48495037432,7.65190018128,-0.415,4680.4,RGB,0.012,0.002,0.004,0.20800000000000002,0.42,3.835
6104786,13.8679161704,169.193687061,0.267122604684,0.00820261472887,0.013312196306799999,2.5644404053,-2.7019728345395864,10.047887878200001,-0.272,4934.3,RGB,0.009000000000000001,0.006999999999999999,0.002,0.35200000000000004,0.542,3.458
9222389,3.55933227379,31.537417905,0.013906039903200001,0.0141718119994,0.0337068116114,2.6076692065500002,0.554618793855,9.538122104680001,-0.137,4702.3,RGB,0.011000000000000001,0.001,0.003,0.251,0.35100000000000003,3.534
9350031,5.755173472619999,53.673154060600005,0.11782586677899999,0.0166909870395,0.028297885215300002,2.5649285493200003,1.6195479443399998,9.060025359880001,-0.291,4623.7,RGB,0.012,0.001,0.002,0.15,0.17300000000000001,3.806
9329200,6.805230717030001,75.6906983465,0.142872919041,0.0108468221443,0.0192212589002,3.19069377398,1.62291923671,6.096194550619999,0.322,4666.4,RGB,0.008,0.001,0.002,0.306,0.20199999999999999,2.801
9333290,2.93475991785,24.446204645100003,-0.0005619406054019999,0.015015644083499998,0.0384141782342,2.0695279330900003,2.55227592616,9.89954883444,0.069,4498.0,RGB,0.017,0.002,0.004,0.218,0.863,4.199
9882446,4.96433173442,49.753205412700005,0.0778705263014,0.016597595900099998,0.0259348290013,2.91940247242,1.34275862416,8.96333949888,0.148,4665.8,RGB,0.013000000000000001,0.002,0.004,0.45399999999999996,0.48700000000000004,3.929
11358669,8.43721208827,98.1995037983,0.183202283174,0.010642774073299999,0.0179602705184,2.9196328383899997,2.2198482119599996,9.77893944666,0.183,4755.8,RGB,0.006999999999999999,0.01,0.002,0.14400000000000002,0.24600000000000002,3.24
11702195,5.63935492824,52.3147744817,0.11429601847899999,0.013981015711100001,0.0273939634804,2.2379411833300002,1.61281046403,7.55984027645,-0.287,4618.0,RGB,0.01,0.001,0.003,0.162,0.425,3.572
10592924,5.39955856218,51.9943319622,0.0886304912613,0.015516731920399998,0.0251698323208,2.69897996854,1.79839975746,8.91848373389,-0.23,4839.6,RGB,0.011000000000000001,0.001,0.003,0.20800000000000002,0.19,3.432
3429738,5.89364484077,56.10380636439999,0.100766257098,0.0148239029302,0.0250055178815,2.26020802638,2.27659033098,6.11988151487,-0.151,4632.1,RGB,0.009000000000000001,0.013000000000000001,0.004,0.152,0.414,3.32
12115227,9.39698314746,98.28883907459999,0.18337261465399998,0.014722807405000001,0.012773883928100001,3.1576525690599997,1.9292319455400002,10.7690861031,-0.606,4827.3,RGB,0.006999999999999999,0.001,0.002,0.368,0.22,3.491
6191288,3.1345828878299997,25.1833681321,-0.0122488132899,0.018871829064200003,0.0378552776125,2.9089614685900003,0.49302920886000007,3.04873542306,-0.253,4627.0,RGB,0.015,0.003,0.004,0.289,0.285,1.508
9833073,3.6254286044,31.834059317399998,0.0020692293903,0.0169097749172,0.0324460266385,2.73076302024,1.06035012522,10.9834991381,-0.1,4671.6,RGB,0.011000000000000001,0.001,0.003,0.147,0.231,3.319
3455760,4.84435666125,48.628768058999995,0.0693827379636,0.015078665229499999,0.0236314916157,3.3261498585000004,1.6529927952399999,11.1161449664,-0.005,4591.6,RGB,0.013000000000000001,0.001,0.003,0.318,0.25,3.5439999999999996
4279700,3.4964346602900003,31.260608479200002,0.0218307143617,0.0145291807517,0.0415664690361,2.56826243753,0.8568889494480001,9.02746407582,0.081,4610.4,RGB,0.013999999999999999,0.001,0.004,0.124,0.258,3.6310000000000002
4995788,13.5323728506,170.856879832,0.277385454318,0.00802573714984,0.015277929174600002,2.9632954207599997,2.5502925433200003,8.203917988410002,0.286,4704.3,RGB,0.006,0.006999999999999999,0.003,0.12,0.231,3.339
9783226,5.30917081611,53.296585120100005,0.0734072323525,0.0161658277624,0.0230261845474,3.1206633611,1.41846861079,9.902863354700001,0.071,4693.1,RGB,0.013000000000000001,0.001,0.003,0.368,0.243,3.8369999999999997
5940060,5.653264902389999,52.5551639024,0.127852843538,0.0126868949214,0.0250558879426,2.55542991133,1.12617969236,10.930579713599998,-0.223,4624.6,RGB,0.009000000000000001,0.011000000000000001,0.003,0.10800000000000001,0.20199999999999999,3.8339999999999996
11342694,7.1147099555499995,75.36689254640001,0.161362552275,0.012839051074299999,0.021195774112,2.53813238577,2.02958471396,8.8518523984,0.285,4623.0,RGB,0.008,0.001,0.003,0.225,0.32899999999999996,3.6239999999999997
10859779,7.3078904067999995,81.6465999147,0.11855717653100001,0.0117864835779,0.0203806551186,2.50829027429,2.9472730916400005,10.1614987904,0.219,4702.5,RGB,0.01,0.00066,0.003,0.11900000000000001,0.195,3.679
3532734,11.8124557225,150.85907073200002,0.224519330659,0.008452072020219999,0.0184125993734,1.5349121090399998,0.36076151550200003,2.7163325956299995,-0.102,4925.4,RGB,0.008,0.008,0.002,0.031,3.145,0.43799999999999994
10793872,14.9216063808,183.459335582,0.297480322757,0.0080546740457,0.0125849700682,2.66376466286,3.02800000757,7.37736211672,-0.18,4797.0,RGB,0.005,0.00033,0.002,0.07400000000000001,0.09699999999999999,2.903
11191444,3.24695962334,26.735497863699997,0.0015761920486500002,0.0171469811982,0.0355116447353,2.4717011372599997,1.37459783981,8.2650317072,0.035,4502.8,RGB(S),0.013999999999999999,0.002,0.004,0.33899999999999997,0.586,4.1160000000000005
11453905,2.27730269146,16.822781726800002,-0.049753325451300005,0.021503415527499996,0.0462895907065,2.63516487701,-0.705166009835,9.49278762956,-0.151,4525.4,RGB,0.015,0.002,0.004,0.31,0.38,3.6510000000000002
9835436,3.00176936958,23.8622471902,-0.01166091089,0.018794440854499998,0.0411862984302,2.77532418496,0.573019973644,8.6388263608,-0.409,4726.8,RGB,0.016,0.002,0.004,0.215,0.317,4.181
4659706,3.71618080541,36.9289574448,0.0453656383208,0.014341281712200001,0.0330042431251,2.19476963458,1.29306199425,11.4703891892,0.398,4499.8,RGB(S),0.016,0.001,0.004,0.21,0.51,3.6910000000000003
12168406,4.75236217051,45.2537818128,0.0682294693437,0.014647175430299999,0.021938100806400004,2.70964260101,1.5155753087700001,7.7569036558399995,0.406,4461.7,RGB,0.01,0.001,0.004,0.226,0.187,3.687
11821439,4.77587592713,48.54227957770001,0.0804068124514,0.010677531750299998,0.0309708027255,2.4056386122599998,2.41141677717,11.0447262495,0.141,4652.0,RGB,0.011000000000000001,0.001,0.004,0.124,0.255,3.4619999999999997
11294218,2.4062556386000002,18.860250792000002,-0.06160467926109999,0.0228741184714,0.044877244452999995,2.9076877704400004,0.975925657323,2.13739595256,0.035,4423.3,RGB,0.013000000000000001,0.003,0.006,0.244,0.35100000000000003,0.866
2444348,3.23581371541,30.3067870978,-0.0145860797377,0.014201290806,0.0360225383211,2.72034113703,1.34093147366,9.735722407699999,0.157,4551.8,RGB,0.013000000000000001,0.001,0.004,0.122,0.22399999999999998,3.935
11920678,4.081986399030001,37.2437401467,0.0371572408969,0.0171658751175,0.029909468742400004,2.14009287295,1.6832668437600002,9.83174915971,0.069,4585.5,RGB,0.012,0.002,0.003,0.221,0.535,3.678
9029603,10.795779127000001,146.013323728,0.22566369204199999,0.00694090604803,0.017448583595900003,3.55556446581,1.92458197757,9.50923038102,0.342,4945.2,RGB,0.006999999999999999,0.006,0.002,0.096,0.161,3.127
8693004,3.6362000589499996,34.8218654904,0.030555718323499997,0.0116392027165,0.035993251074099994,2.70529288672,1.3817677549,9.64850206375,0.032,4664.7,RGB,0.013999999999999999,0.001,0.004,0.165,0.22699999999999998,3.658
12366537,4.7344401752800005,47.2721872995,0.0321673147744,0.0156307674047,0.0208094861372,2.9511285593900003,1.36033840662,10.9925856379,-0.063,4758.4,RGB,0.011000000000000001,0.001,0.004,0.48100000000000004,0.308,3.49
6425301,6.138398566619999,60.2809826043,0.12461894505599999,0.014605904342700001,0.017696410355099997,3.14964571408,1.7984319247999998,2.36848330535,0.015,4578.2,RGB,0.01,0.001,0.003,0.135,0.22699999999999998,0.754
4271039,5.163616767980001,47.2559470291,0.0755027623218,0.0140569583989,0.0242328166868,2.41553844227,2.06924653291,11.026989823,-0.25,4698.6,RGB,0.011000000000000001,0.001,0.003,0.263,0.33299999999999996,3.355
9711231,5.13074952648,47.6535092606,0.070732213369,0.0146488867298,0.025162556118,2.33866573258,2.00347800738,10.8053565362,-0.103,4655.3,RGB,0.008,0.013000000000000001,0.003,0.182,0.28,3.821
6764229,6.07642907487,59.5009476105,0.111073596918,0.0131932019534,0.023532462116299998,2.31800832876,2.70514230025,6.612367841849999,-0.007,4592.6,RGB,0.01,0.001,0.004,0.20800000000000002,0.595,4.024
11190768,17.357290373599998,230.393250532,0.34174926298,0.007516007116510001,0.00825453912297,3.29369934718,2.2366360308599997,11.7797618364,0.14,4831.3,RGB,0.006999999999999999,0.006,0.001,0.275,0.327,3.301
10199187,2.41484341476,17.5836680585,-0.0485360759731,0.0226103687115,0.0442175399283,2.08898915208,-0.23220331102699998,10.6139523128,-0.209,4509.1,RGB,0.012,0.002,0.004,0.18600000000000003,0.755,3.472
11669113,2.91546603332,24.193883616199997,-0.0104647389341,0.0178359972711,0.038332619807099996,3.0471265812299997,1.01481912708,10.690686380399999,-0.026,4480.1,RGB,0.013000000000000001,0.002,0.004,0.289,0.184,3.745
12470054,12.5491460248,161.352288251,0.257335433552,0.00810382360358,0.00984428505155,3.0411463446,2.86939554236,11.3503194194,0.15,4832.6,RGB,0.005,0.006999999999999999,0.002,0.149,0.24,3.253
10722175,9.509474763810001,113.64520668200001,0.17791487662,0.010128645983,0.0180247991078,2.7671057537,2.82210632833,8.897763280700001,0.232,4736.1,RGB,0.006999999999999999,0.009000000000000001,0.002,0.105,0.11800000000000001,3.694
5426041,5.02393697745,51.3913669074,0.075264352556,0.013112022445799999,0.022512762868499996,2.75331189523,1.7507875884900002,11.5914653171,0.184,4614.0,RGB(S),0.011000000000000001,0.011000000000000001,0.003,0.33,0.36200000000000004,3.236
10161943,6.2588004688100005,60.675085629099996,0.121166224662,0.0134985952746,0.0221320017902,2.08781795248,-3.1346993659995865,2.7384153276,-0.272,4624.0,RGB,0.009000000000000001,0.001,0.004,0.135,0.542,1.618
12216750,8.79081188882,95.7357318984,0.20827175164700001,0.010807773505200001,0.017727731219200002,2.4895100983700003,2.43167660105,7.15866508972,0.051,4727.1,RGB,0.006,0.01,0.003,0.094,0.138,3.1639999999999997
5860093,5.5394670677999995,50.2612646773,0.11774491025699999,0.012987452250999999,0.021054698901299997,2.67538686312,1.18452096591,9.604870077360001,-0.399,4649.2,RGB,0.012,0.001,0.003,0.358,0.41700000000000004,3.938
11074543,6.022544465989999,58.034334361199996,0.0887689702771,0.0170007878775,0.0230706712875,2.41754893526,2.4327459105,7.410624503719999,-0.139,4649.3,RGB,0.01,0.015,0.003,0.235,0.44799999999999995,3.615
10847321,6.55202335191,69.20379504,0.111763404806,0.014052105917,0.0236059421277,2.64477757475,2.1883309347499997,9.78615536713,0.189,4647.0,RGB,0.008,0.001,0.003,0.12,0.159,3.5589999999999997
11514322,5.74092641633,60.841310424700005,0.09554962427899999,0.012817078153299999,0.0259704063894,2.68672843803,1.89453229001,9.05095779749,0.164,4727.6,RGB,0.008,0.012,0.002,0.07400000000000001,0.156,3.29
