10552202.0,4.33162607996,39.2349309042,0.0469464857527,0.0143732714905,0.0240848798458,2.83340701903,0.965083658002,11.6069301177
7811522.0,3.37433623454,26.8526323421,-0.160523700566,0.0711226182386,0.0997584496007,4.14762934773,-4.91945895163,nan
9027871.0,4.30107871321,42.8835269634,0.0522881726881,0.0147472286603,0.0292743582521,3.04139719074,1.05687341143,10.6153303261
5112072.0,10.0621800931,126.183800146,0.191127452419,0.00950114559085,0.0126728774545,3.03641433403,2.32968941171,9.88177954859
9157260.0,18.1500473942,235.03146321,0.343035801453,0.00817800512634,0.00885293333277,3.37914989091,2.67223100597,10.9957719415
6929729.0,6.05310259557,65.3563931945,0.142162434276,0.00907566897308,0.0199179317542,3.2928395772,1.41538890312,9.49384187649
10068810.0,5.34481382183,49.2544928549,0.0907882224,0.0154133970423,0.0234452308456,2.14235016968,1.88720658257,10.5286167068
10546977.0,4.35160937151,42.9067459826,0.0406628992468,0.0148552583093,0.0284309375953,2.93727222179,1.73064472689,9.03406221658
3444374.0,5.73834143197,56.7243569906,0.109692713819,0.0123098133378,0.0230208347512,2.26881926202,2.94634684532,2.16407621336
6343222.0,7.37951112542,78.5413761205,0.135198717775,0.0141296002176,0.0238486420563,2.733256053,1.99694819727,11.0048247161
7431665.0,5.46757450244,54.9510276409,0.0640240316162,0.0140995302388,0.0269053725184,2.81327630364,2.5144405361,10.5412073291
11973853.0,14.6220460108,203.72392842,0.312963396489,0.00614169704637,0.00828553774189,3.15266878545,2.95158792583,9.25063942346
10992711.0,4.05273015889,35.2708150509,0.0187826870602,0.0182629199306,0.0292587431497,2.39600219516,2.8170923753,10.0949511664
6680734.0,2.36090363995,17.4968860119,-0.0551891766366,0.0187545137726,0.0414922903051,2.51109236582,-0.0575512652479,10.7180787835
11357004.0,3.12601641756,25.5743661093,-0.0882479671128,0.0421017828767,0.155218065615,3.48294459869,-4.5324463443,nan
10816748.0,3.81400864296,32.4920844311,0.0442603912179,0.0184262541285,0.0311164943011,2.14276760764,-0.192144348375,10.1458622114
4139784.0,4.79904342049,47.6545233717,0.0588182785766,0.0160359499632,0.0276029511918,2.86420341063,1.37585445523,9.152527685
9163153.0,12.4754770524,154.871909875,0.275782012488,0.0113450238141,0.0135885386703,3.74039232268,1.96519793039,5.19380568197
4991732.0,8.54347475757,105.981349992,0.181913261198,0.00946968021943,0.0163879785965,3.32953165654,2.06788302092,6.3435595325
9758246.0,2.80084787363,21.7913703741,-0.0331716285803,0.0225409087219,0.0399002406385,2.45611766093,0.675143599956,10.0667335705
4937204.0,4.40779409389,40.3419017309,0.0591640863031,0.0143121964327,0.0267441486476,2.70581404385,1.42732374071,11.5146239348
10025387.0,11.4840005409,141.207865056,0.228532580895,0.0108380172272,0.016111151222,3.25561617514,2.46406753641,11.3030146257
7347189.0,4.03695403625,41.0287980888,0.0633021654757,0.00961490045868,0.0298400252502,2.97318818389,1.29655285231,9.27689713967
9662395.0,4.43446719506,48.3375028988,0.0580404374302,0.0154318366442,0.027675711375,3.24696635908,0.151435782563,11.3073756943
3847071.0,6.13977137507,61.9269576112,0.11352183983,0.0141491305736,0.0247958290273,2.50141569878,2.17153977022,8.0216356582
7429055.0,6.11001894924,61.0045928959,0.105854263363,0.0153827680162,0.0227470595139,2.66950465968,2.14012684094,3.94127482878
11250488.0,2.87271479052,24.3329891538,-0.112187258061,0.0200285607549,0.0488097917037,2.01057950685,-4.10167160662,nan
3835996.0,4.98513498027,45.9632532518,0.06340594526,0.0142071852676,0.0278698618898,2.377512266,1.56930488885,8.36808896718
8545291.0,5.78424086753,55.0973663584,0.124675503761,0.0128463963267,0.0211696181706,2.44865681316,2.59323081828,1.68221342738
11413138.0,4.62956105386,46.8941559194,0.0663338953576,0.0118148556942,0.0292112001827,2.91170941116,1.14976661737,9.88290355594
9291249.0,4.60382792242,45.4838259167,0.0923993450172,0.012196571377,0.0327029300342,2.57123363502,1.88329756297,9.54855017056
8366239.0,13.6952961669,185.937841522,0.303322685129,0.00631981330075,0.0126500139263,3.13101406323,2.78885168127,8.92443220822
4040211.0,4.20570341068,38.8176600184,0.03304849205,0.0170911843258,0.0294081229558,2.90595400424,0.936266456861,10.4536938913
8545504.0,9.23375532761,110.507279934,0.200313915868,0.00878540488445,0.0170749620441,2.97027770501,2.6407186976,9.34847278215
8824452.0,5.54454625021,51.7483044293,0.0998582444259,0.0132153655006,0.025889430322,2.41234494169,1.81022029444,9.47420534901
5023732.0,3.08630059925,27.2929540858,-0.0301750072133,0.019498157571,0.039705822443,2.57370164063,0.561977441293,10.5609346577
10095409.0,4.14759484288,39.8109745758,0.0679214151892,0.0162325448554,0.0306767853587,3.05635189117,1.5240670309,8.48731537128
7273672.0,2.71878252513,21.0884025509,-0.0290202021047,0.0190872717823,0.0439545744468,2.46027690592,0.518713618805,8.45942767812
11661782.0,5.77707529883,60.4351003173,0.0999533799015,0.0117928294082,0.0221959442929,2.70586481003,1.87421586375,10.1955523647
9650046.0,5.97134861289,68.5552422181,0.120138333954,0.00639440120769,0.0203852311283,4.97851768783,0.345893654748,11.4869259983
5112880.0,2.84570263044,25.2587615139,-0.147341879895,-0.0157813659623,0.0939990726662,3.4702722251,-3.54035060504,nan
11721374.0,5.94363684303,60.4559458298,0.118107836483,0.0139561228081,0.0197405445805,3.25128134278,1.33700701279,9.65950593766
9145955.0,11.0037242596,131.966494885,0.223671900337,0.00827171564674,0.0121005349273,2.82098130959,2.48135485646,9.36290668554
8613617.0,13.5913171216,171.08310397,0.286923299685,0.00864486920547,0.0115999108665,3.33792657821,2.26478753542,6.66937110781
3847697.0,4.86629192405,45.7697542633,0.0830040908215,0.0145079774553,0.0280288539835,2.39444567912,1.93343073989,6.96072551145
3938291.0,9.31548155654,116.869187673,0.173954911834,0.0100057180304,0.0154870903433,3.21065202432,2.38098498308,9.63196567436
10659842.0,6.98408195257,75.7255352445,0.13784401139,0.01063950738,0.0232134826392,2.67308798751,2.28417995204,5.84059576258
10910674.0,4.04253020716,36.2638918212,0.0463837159892,0.0159432909733,0.0266484456668,2.40543130541,1.22164851914,10.6031562229
5597965.0,5.5584254504,55.0189966963,0.104214609692,0.0136050598878,0.0265724174432,2.91631015364,1.45080595194,9.3494623643
3545147.0,5.27463511897,55.487288273,0.0893597282461,0.0115623974426,0.0374300180841,1.59363586275,3.83791666164,6.41358435876
6843705.0,3.46413004214,30.1192775711,0.0135203238545,0.0196386214243,0.0347486862723,2.16381425393,1.33028705869,11.7028935973
9658002.0,4.12207678761,35.5060214469,-0.0708998850158,0.0217148372955,0.0174988452538,4.50670704475,-4.24061323598,nan
10095427.0,6.08575227848,57.8335777324,0.0966284528445,0.0111593586139,0.024231991847,2.13445104002,2.82324366846,9.82699627809
7516687.0,4.07793700556,35.4397355273,0.0562275871709,0.0166135456541,0.026720578583,2.41475825549,1.66611144915,9.01360926428
10602015.0,14.2170299547,185.521775774,0.298272172699,0.00742447873469,0.0144498384287,2.92949721427,2.7661006963,6.41968721797
9075225.0,5.38029001414,56.135442119,0.0963640804461,0.0126784939716,0.0213570640354,2.77776303646,1.68046431283,10.620515299
11559645.0,3.0507785725,26.6060793272,-0.00783405974302,0.0200323727327,0.0372358522902,2.61912740181,0.0543669039776,12.6439149161
6850177.0,4.6159702212,45.135253262,0.0780109294125,0.0173516315694,0.0277630702368,3.59225164897,1.37721824231,10.5121705306
9761625.0,1.39417010078,9.11917388017,-0.271475406725,0.0467419030949,0.0895188872024,4.61933952043,-4.02931399125,nan
10352615.0,5.70192592698,61.6021945474,0.135977386593,0.00980355933505,0.0233358034204,2.7950864606,1.72422248407,7.11218295841
11515377.0,14.790278519,194.821745878,0.288323322886,0.00813960809967,0.0104107870658,3.75939812299,2.46057560218,10.3612430793
6853779.0,1.73579098833,11.484533501,-0.546852446167,0.131120187049,0.1619391291,5.03210616222,-4.45479826909,nan
11509608.0,4.05452774428,33.5924307491,0.031427405741,0.015728590447,0.0329466765064,2.8309078241,1.22887925,3.44901210683
10416550.0,5.05064901499,47.7505041015,0.0668657379187,0.0153937231388,0.0269230853319,2.42728420189,1.9323559706,5.72272851943
9475697.0,9.84091273767,114.7666421,0.218304958311,0.00965399605809,0.0151215989901,2.87641324091,2.37783101193,9.21840611098
2437040.0,3.0340687846,25.4268545754,-0.00231812984771,0.0172287821829,0.0345142569613,2.67474156198,1.2203472099,9.93849021856
11563791.0,5.03949475085,42.6187606688,0.0362387369342,0.0163575734127,0.0262546794756,2.23834284952,2.65869885389,9.51839109469
4902701.0,4.13233068163,35.7173462506,0.0613039906785,0.0170961451109,0.0277046176606,2.00472153574,-0.607250314383,10.5654145693
11083613.0,8.62684868305,88.7561211756,0.180999559212,0.0121037396992,0.0150499216314,2.81848832325,2.23400158718,10.603706957
10087394.0,5.96161251852,59.0013027702,0.10574639334,0.0164266529866,0.0256769052713,2.75426527127,1.83177477823,10.9036995596
6185790.0,4.65637325857,42.5685271143,0.0590598816419,0.0165039361143,0.0252021521875,2.55001570044,0.937224803488,10.4864045799
9941141.0,7.969080899,90.003266726,0.186901986346,0.01246049007,0.0154541273865,3.3276313255,2.16818707519,4.10455595455
9536330.0,2.68419284901,22.3803103806,-0.00140869095265,0.0133213602539,0.0359151104937,2.68223972026,-0.300003526787,11.9911388758
11775511.0,5.2655996543,48.193665797,0.090795690719,0.0157826076865,0.0255816885034,2.26245703071,1.54151477756,9.58639040352
9580991.0,5.67339785334,61.9673615006,0.135635690123,0.0131789651912,0.0246748322837,3.60477912111,1.1009194626,10.0569549885
2435987.0,4.18608595053,37.7187131243,0.0244298770055,0.0177914502942,0.0298393791203,2.33608032201,1.34515207243,10.0047817193
10743515.0,4.53801294514,45.4253917755,0.0627036466854,0.011678428337,0.0260864793129,2.08772341993,1.20781478053,10.4375207996
11146647.0,3.31309202025,29.9021426426,0.000633021458466,0.0158272293835,0.0388801890808,2.39798746491,1.04279533546,8.20089830919
11905840.0,10.2749008533,120.54577121,0.216936155154,0.00912900129498,0.0169066119167,2.74330744224,2.49727316321,7.21272607592
4345370.0,4.04274280456,32.3690940043,0.0362114097534,0.0202889145386,0.033063556057,2.11806789872,1.34807813868,7.8440022433
10747862.0,3.72744327735,30.8369635841,0.0250298742439,0.0198993763125,0.0329926764459,2.27936761362,1.71166747325,7.15243502188
2437816.0,2.33826249061,18.0384250256,-0.107501004654,0.0253587928063,0.155279629286,1.86664625429,-4.25047649308,nan
6755907.0,4.80786158392,43.7463547628,0.074966096664,0.0138232812935,0.0230936688856,2.68877789744,0.677754647953,10.6658673844
5196152.0,7.35592028684,80.0210927398,0.146425790943,0.00971196912627,0.0213869696808,2.37744099688,2.79893050228,6.25766941787
7270142.0,5.43336004794,53.4451101707,0.113249929672,0.0139414053385,0.0216216427955,2.43458269382,2.26245480362,6.56847088127
6755373.0,5.19288824686,51.0805986015,0.120927788253,0.0104213417965,0.0260009864443,2.5281652996,2.17396731948,8.18937203556
9581445.0,5.77633542264,61.3325892769,0.104168441469,0.011832557395,0.0230271375478,2.71977956443,1.98969177231,9.29283050685
11567563.0,4.36105157788,42.5539024148,0.0791284026804,0.0123567452182,0.0275579397735,2.39298093264,-0.0865927204856,10.2046872019
9711269.0,6.39311790613,65.2448253013,0.130083174457,0.0144055666263,0.0209402064646,2.75339378844,2.03320525065,9.81004086028
12215647.0,4.9516042231,49.2511273267,0.0719482436113,0.0141484355571,0.0256339483739,2.82112866393,1.08024000375,12.3021372782
9652704.0,14.5383590745,187.824364784,0.287827541427,0.00775674831845,0.0109944906907,3.06984745411,2.8260648506,6.25226869528
10801063.0,16.0564088079,200.284670574,0.309408470498,0.00789329845965,0.0102284321575,2.75974611147,3.14222814735,4.72769264446
5023889.0,5.34939030699,54.1587807628,0.108050002645,0.0115381223575,0.0248536903353,1.70233511622,0.678517205445,9.74684453122
11087371.0,11.5552167802,145.4953329,0.235646446096,0.0095834110783,0.0103616013945,3.25021911003,2.25706688125,3.57924349092
11521197.0,6.16813362669,67.7007993855,0.100560305043,0.011332214147,0.0235606855195,2.55023523784,2.50749206134,7.5735301776
9786625.0,4.67380350585,46.4725434851,0.0868484927713,0.0121348818436,0.0277616363376,2.63704168173,2.01659268319,10.5677225066
9414068.0,1.59365144039,10.0524199526,-0.153600482424,0.117434336417,0.171499216946,3.35668808398,-4.03572884554,nan
11358755.0,3.99390952905,36.5795159404,0.0235357079673,0.0159042455599,0.037823731424,2.26708658368,2.07249403523,11.6783075352
9535399.0,5.75284795911,58.0179859766,0.0919835682077,0.0146809781855,0.0215014225186,2.36219505957,1.51996948447,6.95198706046
9080407.0,4.71737767976,45.6470308115,0.0752006303651,0.0143120157137,0.0244787898069,2.93292066877,1.63288399366,10.7763015709
10272641.0,8.18849873457,90.6226431109,0.150153216465,0.011631395437,0.0225844790129,2.72160097922,2.73188633358,5.4440541082
11241927.0,2.90961096577,25.9760839834,-0.0561715298775,0.0548645058786,0.107410801143,4.35459332022,-5.00424727011,nan
8742013.0,3.15477267975,25.3449920483,-0.0141454372184,0.0199720591134,0.0390721865306,2.28353425923,1.23055100856,8.21729795796
5857618.0,6.30997715354,72.0893689396,0.113752496866,0.0100584855805,0.0223271239383,3.27095895674,1.57604436261,9.90790757804
1432587.0,1.08000931321,5.46908158736,-0.351923791329,0.0406916383047,0.182844486898,3.00477672756,-4.23698930127,nan
6424157.0,8.86086019857,100.129118134,0.199250721429,0.0105736609021,0.0178229198954,2.53669869998,2.92876935191,8.08841537668
7674224.0,10.7593062471,130.86389775,0.221426071201,0.00954961207465,0.0143862569927,3.30882879406,2.1525654085,13.3688346719
8081278.0,3.80919875131,33.8772720922,0.0434687972737,0.0122232116333,0.03338504658,2.42993074033,1.05543581721,12.2405118258
10973854.0,3.56518894547,31.303833685,0.00448062267708,0.0160375790801,0.0334957479516,2.54082947698,1.43605414197,11.3353698507
11518492.0,5.33848703409,52.8960384416,0.109770859598,0.014780215143,0.0242008571835,2.85656434202,1.86409163374,8.77142734491
11598116.0,2.54127611561,17.9872062581,-0.388793212914,0.0993424679627,0.128830749921,6.19210889554,-4.2917948917,nan
11357686.0,5.84632288054,56.2711267146,0.101881924015,0.0164998785024,0.0252221681789,2.54036786645,2.25631102277,10.5651134142
9658793.0,4.43649942438,40.4998689115,0.0556802271857,0.0144826744733,0.0257369783662,2.76039684434,1.3206633775,9.16609815042
9351617.0,4.32532533088,38.5622028836,0.015750504786,0.0129142631401,0.0306332504822,2.4514031065,0.731294190196,7.15410511321
8675106.0,6.61183931036,73.0750233672,0.144226947738,0.0104277749038,0.0210754043344,3.05420444275,1.96298492238,10.231643745
3733028.0,13.2524706208,178.741464751,0.29363530682,0.00739638337717,0.0138141431041,3.06004630612,2.64378478534,7.14470982348
9145781.0,17.6857586948,241.485502646,0.360787456267,0.00615991006761,0.0116673093964,2.81956520915,3.2280577915,8.52556735534
9405555.0,2.5198183164,18.3134092828,-0.201269597961,0.0513041540341,0.0769662320245,3.24527164851,-2.10094360095,nan
2018392.0,3.75590897412,33.5061540338,0.0243411108026,0.0172422642617,0.0304572773057,2.52532488237,1.12455722697,9.08251389973
2570384.0,6.38200851386,61.4187993307,0.110050515923,0.0195711112243,0.0310792563231,3.27790082246,1.18398499687,13.5380915851
7109120.0,5.95248926164,60.8250529238,0.113012776606,0.0144871733792,0.0303659899659,1.59496428471,1.96339636164,10.0320866237
11287936.0,5.31295136484,51.4722474861,0.0996795073959,0.016494731643,0.0263064330632,3.24932938503,1.573643519,10.7781029551
10991673.0,4.36434214022,41.764939612,0.052681943688,0.014477320563,0.0283185456034,2.62227567836,1.88869356638,9.69627158527
9003765.0,4.03361082547,59.8481002928,0.178984103914,0.0113714815273,1.19311571097,2.98300616143,-0.722568030457,nan
8086192.0,7.08760560601,75.5318812179,0.146199331545,0.0121507331123,0.0226559267786,2.69388342259,2.41878739001,8.13771954848
12217154.0,4.61783695017,46.4435620101,0.0167077379962,0.0145893583526,0.0274495733617,2.61353282378,0.860295879918,10.624497377
10394814.0,24.7202218207,208.005429098,0.337099313964,0.00617046320644,0.0331627339035,5.83796391182,-0.345161907817,11.3515523702
11028372.0,4.5476496888,40.0113277146,0.0583707518795,0.016701277606,0.0238328441686,2.16942229852,-2.05285182898,10.5851699045
10670445.0,3.57125874135,29.7874552491,-0.0485385592172,0.0241499754049,0.0352882335073,4.2225376262,-3.99469890588,nan
11250152.0,3.53955324135,30.0258342304,0.0163988734499,0.0184925218249,0.0298144702215,2.63215163361,0.776726037487,10.0893705894
11177727.0,3.76231914094,31.3039111546,0.0321557090832,0.0184785544364,0.0312003903728,2.18201376958,1.97114511626,8.28231781912
2570172.0,7.05549162206,74.1595455089,0.127523853963,0.0160496022662,0.0256021547854,3.12802411694,1.60385881153,9.80388151694
8612520.0,4.21777098218,42.4495149408,0.0347871358458,0.0124066362925,0.0307883805222,2.66396539535,1.32697121635,10.3086686455
11027337.0,3.86999259152,33.8352392756,0.022894774898,0.015290345534,0.0300411485158,2.41923681237,2.18413072956,8.72267499002
8867740.0,2.94625495046,22.2293988661,-0.0173234927659,0.0180097646671,0.0376303502832,2.05152383279,-0.540419514901,10.3093563353
3744043.0,9.89254944909,112.6817911,0.191491212428,0.0106901607392,0.0138896578373,2.69344998516,2.80724644525,5.1361828378
11441797.0,5.81846654118,57.7529043087,0.0961650769586,0.0142962816763,0.0247720996218,1.83023643848,0.452348862371,8.53450462152
8822689.0,5.02388341588,54.7617430429,0.066341857193,0.00776904569811,0.0270775489014,2.91204124532,0.693754584549,11.3638767217
11020211.0,9.89658494654,107.586548113,0.204154034453,0.010965548811,0.017820218853,2.61024018765,2.59765359766,9.09885851421
10550429.0,10.6949240824,135.602514658,0.227349835005,0.00746269154087,0.0126521845335,3.06106951531,2.28939000125,3.48615151443
11353313.0,10.7481243968,126.126955602,0.204054006598,0.00983724589869,0.0122077226372,2.8219735902,2.55961665628,11.1534442825
6768319.0,5.57130338265,53.8505884583,0.10268942596,0.0156983526675,0.0227910072399,2.58721640345,2.07541072641,9.92690977415
9596106.0,2.64215662612,20.6831062468,-0.0456635202546,0.0170161278033,0.129062102468,2.0078120008,-5.22814865317,nan
5112361.0,6.14957684558,70.4014435795,0.11769454988,0.00819699491549,0.0207154422029,3.03791521685,1.84677244412,8.26933826465
11337883.0,11.6343314133,150.720729111,0.239101106981,0.00638755546013,0.0119369924357,2.56815254812,2.79124906859,8.94000642261
4140726.0,4.95770207701,50.7751892387,0.0800712367487,0.0133578659282,0.0263125954306,2.61362393923,1.47206661505,9.96587232103
6765032.0,1.48644063063,6.97910038282,-0.554419177757,0.0584506384235,0.145478487645,4.66838955076,-4.13508895516,nan
11769182.0,4.5884701283,43.8639324046,0.0593433616892,0.0158974708184,0.0285759325108,2.69088543653,1.67681576503,5.96888996655
5168713.0,4.76671688432,42.081142861,0.0753744473999,0.0160349235756,0.0240386138196,2.35292599782,-0.725863827728,10.6731508046
11924919.0,9.3272755192,116.055827281,0.199520850658,0.00786943793312,0.0114965978478,3.06478610953,2.41118801159,3.03844060324
5112948.0,4.26343729987,42.556225427,0.0639476784323,0.0130100374856,0.0245140108522,3.36152561515,0.839224496021,11.0576354118
9267654.0,10.3282717739,118.687257266,0.209925338692,0.0113239234961,0.0217503897569,1.66052505155,1.87770337448,3.01567811424
9163785.0,4.7267168,46.7707922838,0.0373706710768,0.0141989162579,0.0256637591471,3.02112249043,1.80832855917,9.82697963333
9716866.0,3.73383725497,32.2973349716,0.013490322408,0.0155197162739,0.032444756634,2.43282639442,1.59367076616,11.2452385208
8283356.0,11.1843252681,135.621521721,0.246263698569,0.00856913754343,0.0121989804073,2.79475840287,2.84013876053,3.35608710211
2569360.0,2.71553510094,21.5118159247,-0.0219642465762,0.0182880142918,0.144272693089,1.93985426922,-4.42452179066,nan
9882316.0,13.6438418406,182.227238212,0.290559021791,0.00631853702222,0.00976237363822,3.47173404838,2.54777013444,8.12721954833
10593078.0,15.3475351085,207.709956645,0.32428619036,0.00720308709649,0.0137489964239,3.1401119178,2.64058832639,9.82084256167
3633152.0,3.98309372617,33.4336561408,0.0348865473786,0.0181462449233,0.0331501621958,2.05527088923,2.71908349544,10.4364283839
10678016.0,3.67180433535,29.4006049642,-0.126135429384,0.104786625233,0.153583726502,5.54426752357,-4.78491497808,nan
7670489.0,4.03909889324,35.0793924639,0.0261837508425,0.0158973364227,0.0245243878847,2.53772827806,0.240258735575,9.88399774994
2307683.0,4.29605986654,39.916260155,0.0341092726964,0.0157630628661,0.0338816018569,2.6630972638,1.48504225501,8.67017015557
2436900.0,4.0176462397,35.6398819576,0.0478851943207,0.0166163774835,0.0310910225935,2.49098841942,0.762241832448,10.2102508233
4168909.0,11.6070116778,143.260670329,0.254118970712,0.00910207527774,0.0147011687628,3.12778082603,2.36265916064,4.66957135146
6935260.0,4.57898175402,42.9020949454,0.0630366623751,0.0149389422853,0.0283752608293,2.36804203821,1.6667780308,6.2857475038
7518352.0,7.46696013796,76.8601113527,0.128204019611,0.0126907601103,0.0156942573508,2.82983469896,2.20378791024,10.3346355129
9395535.0,2.90200802473,22.5282469855,-3.97525651129e-05,0.0174398523155,0.0436891124701,2.85876032553,0.00825930697209,9.49459834168
9451999.0,4.14656899121,34.2186043947,0.0192770379805,0.015780816664,0.0324729962988,4.39949628571,-0.000518401968692,8.88487573239
9269772.0,5.90157607429,58.9250601486,0.132893043721,0.0150536510866,0.021596848723,3.10992477803,1.81529663992,7.48304305693
2438333.0,6.05092226224,61.1723579086,0.136429802422,0.0159522897808,0.0206350500636,3.05202995414,1.22750434199,6.69641685357
11136854.0,7.2800913522,92.8556335798,0.123647310692,0.00618224771758,0.0211441393066,4.05317097281,0.541089935373,10.7606202411
6843557.0,4.82532709721,48.2602410194,0.0601949832685,0.0116258714786,0.0263980867322,2.64008717888,1.63104289435,8.99832083537
3526061.0,10.6996819095,130.122889632,0.233902621733,0.0087982962693,0.0160817371804,2.96573915204,2.60457226813,9.20498352782
11251136.0,3.19577922389,29.2615544762,0.00129886341167,0.0172033613746,0.0381047869442,2.33507413219,1.58472825283,9.53883456821
6681414.0,4.56544425832,39.941135692,0.0832669707715,0.0145533237184,0.0260958541536,2.38168142625,1.05882938312,9.65969182723
10226276.0,6.04581374641,61.9105006434,0.110333263971,0.013160389025,0.0172343106213,2.68080348118,2.22353353582,9.86087016334
11084022.0,4.64683049719,44.9638355294,0.0707542960545,0.0103977064552,0.027524843525,2.1831711752,2.75776171496,9.85982984298
11621486.0,4.02681203587,36.2586528642,0.0165260542861,0.0149071150086,0.0303655990805,2.52538482285,1.22893508636,9.82556020883
11250139.0,4.58659564169,39.8245605228,0.0755033064455,0.0165660435596,0.0226235907764,2.52765116294,1.6363826792,8.50660777161
4041405.0,2.5639717483,18.808899992,-0.0478830427894,0.0200121196268,0.0429072027326,2.38842708233,1.61217322803,9.53444211116
9205705.0,3.17061896051,25.6687967055,-0.0834348867276,0.0401233583302,0.0856149018267,3.64819761805,-0.213596515268,nan
10145279.0,3.55028992791,30.9501870645,0.0379372097361,0.0131119428081,0.0305839129511,3.04750934384,0.368482739308,10.9780748399
5689606.0,3.97069386971,44.8831752413,-0.498964574834,-0.0520659052351,0.30393507984,4.84492666394,-0.0552704395568,nan
9028321.0,4.71821715858,46.7114343142,0.0762534362615,0.0160944942066,0.023638193219,3.09872713051,1.62837923629,11.820966496
4545474.0,3.88174610648,37.9376136741,0.0422244835924,0.01542525264,0.0296770772592,3.81919457369,0.722392852646,7.58984919115
6851499.0,5.61304126948,52.5354963094,0.113773640018,0.0142518872758,0.0265052821688,2.38427741635,1.64062954702,9.52515771226
10123207.0,13.6877108062,161.152530085,0.254871309477,0.00989782538,0.0119424334259,2.74778236363,3.0616486426,9.77315971129
6181896.0,6.48496429493,70.4941322756,0.0901333083405,0.011569383284,0.024142558868,2.73164204923,2.21366062388,4.15606456211
10257278.0,12.1673943143,149.621236386,0.258377320167,0.00822194565887,0.0114091872808,3.07965760308,2.53120590752,4.09628724218
5858947.0,14.5724689044,170.425185373,0.251842972604,0.00969745839525,0.00736618628176,2.98949774574,3.20528173246,10.944880209
12005162.0,12.902273319,160.635454444,0.249556564348,0.00961606198689,0.00980116591628,3.18504465156,2.66406402703,9.61619802739
11869095.0,5.3575406785,56.0686895554,0.11462902159,0.011144137555,0.0257913856898,3.02529943176,0.875537698246,5.35580320744
4543229.0,3.15420584735,25.4222083425,-0.0233616828625,0.0212219413501,0.0368650336646,2.10643092114,1.74178950186,10.6970483559
3642038.0,4.25329161063,40.6715572584,0.0563181648885,0.0156580314579,0.0286013856687,3.04467714433,1.36312283629,7.50377685976
8285510.0,3.07884611384,24.496984486,-0.00146865357572,0.0171530499353,0.0378238422755,2.1815414488,1.25826317544,9.18346794326
6144777.0,10.9840977863,129.714056999,0.247322196932,0.00946622735687,0.0134786649856,2.89611698961,2.34355294885,9.21535027509
8677342.0,5.20189742836,52.4997185999,0.0954599167354,0.0112940218381,0.0246470978971,2.69265552452,1.82641314009,9.37623045359
8742545.0,12.3019319674,143.477400572,0.239399597993,0.0110945998829,0.0133178264561,3.20158650707,2.54575487399,9.39954683061
9967351.0,5.69840115246,60.3163566747,0.0946876621326,0.0130223735549,0.0253986205361,2.74178735731,1.86019662997,9.37642999097
9640886.0,3.95859314292,35.0448458428,0.021248534291,0.0146992791081,0.0276139633044,2.30175469253,0.7689336789,10.7981787684
10614602.0,2.58405468918,18.3648029065,-0.597511141359,0.0630231053517,0.211846697643,5.49557296785,-3.53417782799,nan
2831788.0,5.46302231896,54.5349266054,0.0952423584715,0.0134152787125,0.0218270670742,2.77086318946,2.00507564704,7.4052462926
11308784.0,6.15580981451,62.1591848434,0.130740785001,0.0139784551153,0.0204717887784,2.97146291748,1.88537572671,10.4909407885
10610250.0,12.6042568149,153.974893771,0.26329769393,0.00951246024782,0.0172831915513,2.82084737937,2.66388971094,7.11719792957
2437507.0,2.58712272983,20.5703209398,-0.144116988864,0.0593860268743,0.489093103628,1.80341734894,-2.98483035872,nan
8565016.0,6.05937367739,61.5001419037,0.11748915092,0.0139181165458,0.023365273248,2.58908082112,2.44582530537,10.2977512831
7619745.0,13.1086202805,170.954699622,0.272997914024,0.00629088222159,0.0122396018048,2.83824013638,2.55734743498,10.0764085403
9228469.0,9.22252982439,105.936179495,0.195743247184,0.0098419240899,0.0171295241607,3.07695253713,2.03982216733,8.6273044195
9335518.0,9.1030271674,104.227658012,0.217074953321,0.0102338193022,0.0160596292863,3.14459958293,1.86431699525,10.4800411319
10881810.0,11.9027649701,149.796228589,0.2204336212,0.00993288896409,0.0107235156839,3.61483200085,2.5378503977,8.8563798448
9143834.0,2.35502281945,15.8014178631,-0.531983591226,0.156147498592,0.183324513642,5.42782650505,-4.50317316769,nan
10202184.0,12.7408034017,160.143130847,0.255279577331,0.00932695202754,0.0117827626255,3.26128343317,2.75373186354,9.59494037682
9728284.0,4.89994469426,47.4425018233,0.0617081801537,0.0155745876886,0.0274744215989,2.76077054647,1.89088011456,6.90317377003
9579860.0,5.88192126569,55.4683693958,0.0984912813634,0.0149702452093,0.0274089848558,2.2037460997,2.30342755789,5.93954529015
10291535.0,8.55697227468,116.295155157,0.167918378303,0.00823418361242,0.0204266003044,2.93636832856,2.99900073992,10.5450399219
11456449.0,9.36800925528,114.609043391,0.197106160765,0.00738285784248,0.0123237145351,2.94868055041,2.85665850021,3.09502079671
10849541.0,2.82634541608,21.5659208391,-0.0603385569992,0.0865008492992,0.169106089209,5.66651398334,-4.14739981748,nan
1433730.0,4.06009512658,40.0291130647,0.0431353974072,0.0148071082372,0.0277314333299,2.85071306905,1.04270552042,11.3406193552
12314910.0,2.93687195269,22.7086157409,0.00134798217554,0.0189373959921,0.0425347277896,2.46186056453,0.249395024614,7.55018005398
10524715.0,6.29075124942,64.2250708024,0.119938125774,0.0134420596334,0.0211900128628,2.45750894628,1.83675626617,10.2335627971
8283646.0,6.11876400909,65.8910659958,0.101635779254,0.0132609045757,0.0231312164685,2.64319560466,1.89554760546,7.28182888565
6262867.0,3.73917662165,30.7759083514,0.0265748546023,0.0165492182374,0.0326037322705,2.7054066956,1.09609674431,9.75883693097
9456478.0,2.54389798317,19.7650403108,-0.0483564518175,0.0208177757649,0.0467228932424,2.50499482258,0.441627227905,8.49684733805
4262505.0,7.95203386501,89.2643234426,0.148224969453,0.0125128928575,0.020137506484,2.81269064422,2.48156078951,6.89259062241
10459696.0,5.86457791387,61.5465053716,0.0884970257581,0.0131326707259,0.0202977284594,2.74023210984,2.29617371004,9.73403163694
11716326.0,16.7587702948,222.919130074,0.335522659172,0.0072585901911,0.0101206265731,2.99093079456,2.72393745933,5.80641393915
11361765.0,9.20900435062,104.078594273,0.187323233685,0.0129148425273,0.0159552044195,3.4349796936,2.12399393061,8.51355619742
11126673.0,5.65320090137,55.9076648664,0.111146947804,0.0123655295315,0.0234493816939,2.60604783176,2.12600041539,3.3188594449
6117517.0,10.1089466798,119.997164159,0.229550645936,0.00965215644694,0.0150629719285,2.81175906768,2.29931474555,6.54406946178
5112481.0,0.923189185714,5.67978519398,-0.495169085981,0.116363697774,0.170370764486,3.36464811592,-4.55621654231,nan
8283958.0,3.98993071119,35.6732493903,0.0206542193074,0.015825775556,0.0291344905487,2.16660321894,1.25938206978,10.9191018875
8350645.0,5.2443026311,54.1958401467,0.0743939323215,0.0137521519214,0.0273873471691,2.76071823297,1.5718764862,11.7549493564
10864711.0,4.85483165601,45.0643490924,0.0769573984994,0.0140447893651,0.0259787031758,2.48940225635,1.71384272113,10.4390336042
10207321.0,6.69589475122,65.020140326,0.137736210523,0.0147376455363,0.0244764756148,2.37895743789,2.44779283755,6.40307426822
10159217.0,5.44197461761,54.4598921672,0.0884030685875,0.0149012570029,0.0242737373588,2.80017583519,1.94581815666,9.21472792874
2569618.0,5.6456373364,55.7688089753,0.114415944942,0.0161202597756,0.0236298187434,3.23007392072,1.50901486337,9.92268421578
11180468.0,5.03639698429,51.4896873206,0.0718754266924,0.0132537818538,0.0216961977675,2.64205817218,1.55408669224,9.91254347123
3527032.0,4.54406195956,43.039234818,0.0468899649386,0.0156065748621,0.0283118617558,2.23172564863,2.14954881112,7.82950668483
9002344.0,4.35527684977,43.4874577742,0.0682941133652,0.0129512383511,0.0244969242136,3.26745541262,0.263145803848,10.5718869888
6590363.0,3.61850800107,31.5231120399,0.00943501199862,0.0161663604462,0.0319530743435,2.08225491239,2.38400929554,9.7804144591
6101471.0,9.20929217207,105.380123163,0.188987509907,0.0101583142563,0.0172084971447,2.8593811454,2.15699281499,9.55862508017
11350954.0,2.47767455554,20.8850794236,-0.314012084397,0.0441563097159,0.0788241715546,4.20426786942,-1.99965520508,nan
11560939.0,12.4384344087,162.643067354,0.237933598623,0.00769031908462,0.0223368301882,1.50828850361,3.68399185001,4.52185014264
8154383.0,6.37564645411,66.8568760293,0.136133483977,0.0117205684541,0.0219696146857,2.76099531395,1.90142717017,9.65768750781
11045572.0,6.00387113507,64.2605701383,0.0983503834295,0.00872676823371,0.0215018824329,2.37666618065,1.0617118113,9.89278266467
9511938.0,4.90381527066,49.1593939953,0.0807865011194,0.011841045465,0.0320974561884,1.4823563068,1.92745287458,5.39816654213
10023439.0,6.46163270475,65.0535555005,0.132990353458,0.0146417458514,0.0206712767602,2.72787838717,2.31265119131,7.94277580608
10025321.0,10.4595360237,131.606006536,0.208950767672,0.00852406567463,0.0163641496196,3.02286685099,2.66473301938,10.3515442653
10866415.0,8.75010929695,95.4196266869,0.187767639749,0.0118673257803,0.0218356120375,2.54950516169,2.35940356437,9.10715967491
3424105.0,5.13793777789,51.5468554343,0.0957988152682,0.0121036477872,0.0200745497559,2.65004902427,1.53467199954,11.0359406871
9291830.0,4.37406052048,46.5807813999,0.0421864259456,0.0125189180756,0.0298015661324,3.69240455784,0.679302666422,11.0942817255
4906950.0,5.21553642514,53.4527328341,0.117263756316,0.00940765835842,0.0297237798784,2.757924418,1.83093161931,11.4138787171
9883123.0,8.27184331055,94.3560402166,0.15149193693,0.0116651074443,0.0124429062803,3.13953306371,2.48794285231,9.62287854456
11513798.0,8.32867462001,91.7278114564,0.18800974252,0.0119995334741,0.0174583933339,2.78227981012,2.32816899007,10.7301233128
10136291.0,4.06828999733,34.1137734501,0.0518131265483,0.0173700441253,0.0300794154295,2.24703424979,1.91747842354,8.77178196831
12314927.0,2.06353411959,14.5905017869,-0.401514116214,0.0487280097614,0.175418418965,3.97968968531,-2.09412704646,nan
8284032.0,4.27306732167,38.9740378854,0.0456177898382,0.0133608370157,0.0292029912464,2.42470648972,1.52509167363,7.25578351041
9713617.0,12.5080414109,155.631499287,0.274932941365,0.00850096366136,0.0110503508393,3.00767833088,2.24841065419,3.1821117629
9583720.0,5.66762563135,56.3884996704,0.113621355566,0.0140753581028,0.0257382803675,2.73522209088,2.074657216,9.23086844383
8737032.0,4.42087662795,42.5743243115,0.0315813057081,0.0145861183473,0.0299368282739,2.33548789983,2.49923797361,8.31770088957
3527891.0,3.51587880451,31.5113153439,0.042129562412,0.0146138496921,0.0362217647762,2.52934461402,0.729391371072,8.93519028357
6262706.0,5.68945815499,58.9017070384,0.097801670139,0.0159587946558,0.0222049630374,3.3938970154,1.25547532758,10.9076081557
12120230.0,5.28443244239,50.4896827913,0.100042310137,0.0151765503948,0.0251930870839,2.83635865004,1.70088090389,5.93777851465
2436209.0,5.71906116163,57.1625374082,0.090026575019,0.0160997445111,0.0235603476293,2.82474907817,1.58540354492,9.14089043694
6928997.0,10.0066131005,122.986638709,0.240672427125,0.00840960890027,0.0171614672842,2.85173513537,2.29220833345,10.0472670149
3120486.0,10.6403303098,139.256096891,0.208888463558,0.00868485862993,0.0144524292439,3.05750663627,2.5150775305,5.54364461648
9764708.0,2.86725086879,31.2865059445,-0.452759629032,-0.0307449239411,0.363680753281,3.87158848258,-0.81240294522,nan
11298776.0,4.51991772445,40.0738132175,0.0545082883244,0.0172507101191,0.0248462652903,2.07278745525,0.51435695492,8.88786280288
3633057.0,5.2322263866,50.7277759462,0.0726220463508,0.0160891062133,0.0234763986064,2.94514513947,1.99407689184,9.08494129288
7672405.0,1.89552141926,14.1193258745,-0.267286592772,0.0593294915018,0.0945659002257,5.53583875788,-4.95305482736,nan
11704163.0,4.78040551898,46.0463884421,0.066849918893,0.0152033713061,0.0270162660166,2.67001904671,1.88509780029,9.05202654081
4057744.0,2.86435479907,25.6438763281,0.0213273723771,0.0191481880815,0.0547345806249,2.54543444964,-4.3176930764,nan
11289822.0,6.75030048599,72.3543753494,0.142825953035,0.0143977874805,0.0285435626127,2.74892870572,1.88260529487,9.19223467099
2140446.0,5.65421884069,57.6970404159,0.113622264443,0.0106834430088,0.025618324239,1.51867587699,2.0832254168,2.60779384337
3443483.0,10.6821175709,134.739963137,0.218437193353,0.00785806619294,0.0147668768983,2.85987851392,2.74305762087,4.00588833219
7430868.0,5.67460243664,53.8124451278,0.118684143633,0.0128646533612,0.0242740108922,2.26072135533,2.15789766346,9.42100447822
10992126.0,1.6395213619,7.76036212572,-0.120927751589,0.0233086956135,0.0621002652317,4.59466971209,-3.37830798965,0.645414288209
5287610.0,6.16088148896,61.4189052355,0.125489147087,0.0107240412958,0.0244967793602,3.35253222752,1.19025301783,6.00612675421
10473692.0,8.6419145843,93.4907788194,0.186462773481,0.0118711759204,0.0177316107426,2.59454061359,2.11261568844,10.5127281769
9139859.0,6.83200418022,72.9322545589,0.139791690828,0.0114979370748,0.0226071558837,2.7265918161,1.98195444403,6.83081488706
6678432.0,5.66949878169,56.7720669596,0.141100167785,0.0141395855546,0.0180297458648,3.749965127,1.27634003332,9.28031362469
4991033.0,5.26001038669,48.9348527891,0.0802246607552,0.0174369380555,0.0268656829869,2.1173335426,2.12774527987,10.0131449236
10213931.0,4.55032077078,42.9485857215,0.0337840277307,0.0152574691328,0.0295056285723,2.26728679163,2.34230698979,5.02630283631
7346442.0,5.20113179682,48.6368257289,0.0747774761009,0.016880471861,0.0287332704059,2.63687999916,1.53021193033,8.83667769363
11517524.0,8.83130788118,103.68281079,0.195198736754,0.00771251311085,0.0225718526022,1.66446639305,3.49751121861,2.87438857001
8934264.0,1.44514857058,8.62824979415,-0.456847856383,0.127923240866,0.156669119757,4.29306855247,-3.92925917336,nan
4469602.0,3.48486572299,32.2610270644,0.000259729601366,0.0140211112698,0.0341596369444,2.96164864239,1.16430140327,10.067268848
9589638.0,4.38828071793,40.1512221265,0.0709343885934,0.014059077349,0.0275832193363,2.73739632949,1.31256124703,9.38352058908
8955683.0,4.72981198901,47.3679875184,0.0631157845863,0.0134643938294,0.0319514358252,2.93457103042,0.0222965355005,10.3489000791
12116393.0,6.25244718983,62.2113664636,0.109010493053,0.0146152235242,0.0224258804269,2.74972468505,2.26104585658,7.0684145786
8475025.0,9.62417211492,113.099946492,0.207157150252,0.0100272642427,0.0169024950262,2.5678748169,2.80502588604,10.7381025194
5112744.0,4.40350036374,44.6535508681,0.0321111128993,0.0129294101774,0.0276799963323,2.68259847901,1.08459098731,10.551215091
9820702.0,5.97266758083,61.5162208993,0.115796174326,0.0120668373929,0.0230221238176,2.60160736328,1.93412868102,10.6160692822
3747860.0,4.08331798008,36.0415693215,0.023637346627,0.0174424451715,0.0273686140499,1.98921529184,1.06023087731,10.4978483669
10157507.0,6.63393796242,68.1941342347,0.15097461643,0.0125947969343,0.0241722894868,2.64834789955,2.4479444446,11.4089407106
11231549.0,3.41673644223,30.1652916886,0.00809108674618,0.0153736353642,0.0335965608598,2.10288909267,1.21410899258,10.8102286883
10132247.0,6.4916449937,63.4978962741,0.132999651001,0.0134774355133,0.0197341117855,2.43294264598,2.50442197174,7.49619558205
11410217.0,16.0514172372,228.98167257,0.354297101421,0.00673787479799,0.0108042801564,3.30145372497,2.64839348093,10.7031521715
8802374.0,3.59083287827,31.4494958052,0.0183633095331,0.0173349421222,0.0342526084432,2.55327124131,1.06744504189,10.8346750452
6501676.0,4.79361032856,43.1471693698,0.0878344811368,0.0164140775277,0.0253177072327,2.62064163992,1.28161938089,10.5447068654
9333501.0,3.46568765471,27.0392446901,0.0232907894222,0.0173938311169,0.0379510092565,2.49260915904,0.337653344808,4.06023141412
9517542.0,2.66832586143,20.7280957629,-0.0180197621713,0.0145419777135,0.0445974622934,2.55902498317,0.159143451509,10.2596510085
11244968.0,2.68617897174,23.8358909126,-0.0436078035208,0.0184804436249,0.0426877028045,2.67023592293,0.0557097181563,11.383444351
10525595.0,7.14375447754,117.002837905,-0.000384842500224,-0.101759439243,0.315874778841,5.43222437388,-3.25225799892,nan
11293804.0,3.92773024274,34.1947355038,0.0274220486297,0.0171796380401,0.0268082555527,2.43385413949,1.59750206684,10.3839981627
11599342.0,10.7741477934,131.389537746,0.220533349458,0.00841181326308,0.0103604479044,3.05326578283,2.73988109197,9.19962076738
11971940.0,4.63082133489,47.4016291899,0.0617838373491,0.00919217438135,0.0263264789677,2.59703430263,1.80229214994,2.17325293532
10200377.0,12.5091059592,143.316703143,0.242027918256,0.0108335626081,0.00776632674513,3.48760822978,2.39411052681,4.59838868545
2283075.0,6.47725958709,68.9101049456,0.123874868904,0.0140474351546,0.0241599443348,2.67187563051,2.09583374408,10.8188018062
9711349.0,2.19158893612,14.8351626287,-0.129034111699,-0.0434962626966,0.120582628746,5.80330812019,-2.29555041634,nan
2696732.0,8.32762710197,91.6381313033,0.197140092596,0.0103750817115,0.018058181454,2.61745768099,2.83985392352,4.40347102706
4638317.0,3.40040206389,27.9808214106,0.0104561058544,0.0205611816617,0.0340558907099,2.31479322768,1.5705834118,9.96526269037
11568605.0,4.85400467228,49.7649218075,0.105304357361,0.00775102207496,0.0316820306539,1.71253041388,1.59906383762,3.98988842431
9835626.0,5.4273491677,55.4689123703,0.0859180736851,0.0140091916075,0.0233669387589,2.80584848374,1.57651631061,10.9549664568
8718745.0,10.3579009556,129.508970556,-0.555746440398,-0.118321730154,0.271016692284,4.3210841091,-0.337670619369,nan
8415501.0,3.60495924697,31.7342062925,0.0172873722874,0.0151817342271,0.0275720243607,2.28104240943,0.706226188677,10.51473226
9080175.0,5.34425238187,48.4979659296,0.0944170875039,0.0181373603381,0.0226990655954,2.19507499975,1.34594863263,10.4259218605
11968334.0,11.3863757224,141.337863256,0.24160182018,0.00996459243429,0.0137792041646,3.23073429666,2.36061441671,9.29702801531
11612603.0,8.09559659017,86.377161421,0.175153014102,0.012626024287,0.0206662490615,2.48878352848,2.10857447903,6.86715066909
9967700.0,9.64496317349,108.477903777,0.191040395792,0.00907511793633,0.0156286243082,2.39053081611,2.03058943559,5.94636579799
11204531.0,4.20404622105,41.1978301321,0.0473689634407,0.0137500472254,0.0277446897077,3.25292101309,1.32309710203,10.3586806912
10328498.0,4.52016128128,43.0540764699,0.0750229879611,0.0164160800797,0.0190498991623,3.08991799284,1.82809737031,1.2018938233
4548564.0,6.00560545161,57.2852406732,0.120260821838,0.0138313209367,0.0240155781791,2.2862878911,2.4139398254,9.87706050725
11135910.0,3.66690769149,29.638076691,0.0137462227806,0.0186507159203,0.0345899932531,2.23234858575,1.48495037432,7.65190018128
6104786.0,13.8679161704,169.193687061,0.267122604684,0.00820261472887,0.0133121963068,2.5644404053,3.58121247264,10.0478878782
9222389.0,3.55933227379,31.537417905,0.0139060399032,0.0141718119994,0.0337068116114,2.60766920655,0.554618793855,9.53812210468
9350031.0,5.75517347262,53.6731540606,0.117825866779,0.0166909870395,0.0282978852153,2.56492854932,1.61954794434,9.06002535988
9329200.0,6.80523071703,75.6906983465,0.142872919041,0.0108468221443,0.0192212589002,3.19069377398,1.62291923671,6.09619455062
9333290.0,2.93475991785,24.4462046451,-0.000561940605402,0.0150156440835,0.0384141782342,2.06952793309,2.55227592616,9.89954883444
2437496.0,0.875889221398,4.55611613422,-0.478410466771,0.00137205205799,0.163882989718,2.69253028326,-4.80377737474,nan
11722424.0,2.75828720946,23.5104037895,-0.229499724807,0.0518658443503,0.0601561204155,6.51752514545,-4.75726612155,nan
9882446.0,4.96433173442,49.7532054127,0.0778705263014,0.0165975959001,0.0259348290013,2.91940247242,1.34275862416,8.96333949888
11358669.0,8.43721208827,98.1995037983,0.183202283174,0.0106427740733,0.0179602705184,2.91963283839,2.21984821196,9.77893944666
11702195.0,5.63935492824,52.3147744817,0.114296018479,0.0139810157111,0.0273939634804,2.23794118333,1.61281046403,7.55984027645
10592924.0,5.39955856218,51.9943319622,0.0886304912613,0.0155167319204,0.0251698323208,2.69897996854,1.79839975746,8.91848373389
3429738.0,5.89364484077,56.1038063644,0.100766257098,0.0148239029302,0.0250055178815,2.26020802638,2.27659033098,6.11988151487
12115227.0,9.39698314746,98.2888390746,0.183372614654,0.014722807405,0.0127738839281,3.15765256906,1.92923194554,10.7690861031
6191288.0,3.13458288783,25.1833681321,-0.0122488132899,0.0188718290642,0.0378552776125,2.90896146859,0.49302920886,3.04873542306
9833073.0,3.6254286044,31.8340593174,0.0020692293903,0.0169097749172,0.0324460266385,2.73076302024,1.06035012522,10.9834991381
3455760.0,4.84435666125,48.628768059,0.0693827379636,0.0150786652295,0.0236314916157,3.3261498585,1.65299279524,11.1161449664
4279700.0,3.49643466029,31.2606084792,0.0218307143617,0.0145291807517,0.0415664690361,2.56826243753,0.856888949448,9.02746407582
4995788.0,13.5323728506,170.856879832,0.277385454318,0.00802573714984,0.0152779291746,2.96329542076,2.55029254332,8.20391798841
9783226.0,5.30917081611,53.2965851201,0.0734072323525,0.0161658277624,0.0230261845474,3.1206633611,1.41846861079,9.9028633547
5940060.0,5.65326490239,52.5551639024,0.127852843538,0.0126868949214,0.0250558879426,2.55542991133,1.12617969236,10.9305797136
11342694.0,7.11470995555,75.3668925464,0.161362552275,0.0128390510743,0.021195774112,2.53813238577,2.02958471396,8.8518523984
10859779.0,7.3078904068,81.6465999147,0.118557176531,0.0117864835779,0.0203806551186,2.50829027429,2.94727309164,10.1614987904
3532734.0,11.8124557225,150.859070732,0.224519330659,0.00845207202022,0.0184125993734,1.53491210904,0.360761515502,2.71633259563
10793872.0,14.9216063808,183.459335582,0.297480322757,0.0080546740457,0.0125849700682,2.66376466286,3.02800000757,7.37736211672
11559818.0,3.64125109424,38.1395388055,0.0199810369883,0.0161630751689,0.0450380792744,2.20897786099,-3.48045820056,nan
11191444.0,3.24695962334,26.7354978637,0.00157619204865,0.0171469811982,0.0355116447353,2.47170113726,1.37459783981,8.2650317072
11453905.0,2.27730269146,16.8227817268,-0.0497533254513,0.0215034155275,0.0462895907065,2.63516487701,-0.705166009835,9.49278762956
9835436.0,3.00176936958,23.8622471902,-0.01166091089,0.0187944408545,0.0411862984302,2.77532418496,0.573019973644,8.6388263608
4659706.0,3.71618080541,36.9289574448,0.0453656383208,0.0143412817122,0.0330042431251,2.19476963458,1.29306199425,11.4703891892
12168406.0,4.75236217051,45.2537818128,0.0682294693437,0.0146471754303,0.0219381008064,2.70964260101,1.51557530877,7.75690365584
11821439.0,4.77587592713,48.5422795777,0.0804068124514,0.0106775317503,0.0309708027255,2.40563861226,2.41141677717,11.0447262495
11294218.0,2.4062556386,18.860250792,-0.0616046792611,0.0228741184714,0.044877244453,2.90768777044,0.975925657323,2.13739595256
11245307.0,3.81597071432,34.7310925945,-0.411086408858,0.054285581182,0.13794642343,3.60980635932,-2.44824715329,nan
2444348.0,3.23581371541,30.3067870978,-0.0145860797377,0.014201290806,0.0360225383211,2.72034113703,1.34093147366,9.7357224077
11920678.0,4.08198639903,37.2437401467,0.0371572408969,0.0171658751175,0.0299094687424,2.14009287295,1.68326684376,9.83174915971
9029603.0,10.795779127,146.013323728,0.225663692042,0.00694090604803,0.0174485835959,3.55556446581,1.92458197757,9.50923038102
7020371.0,2.1283996084,15.3265642275,-0.288746015795,0.0513306238052,0.0501320223136,5.06214730853,-3.54385042297,nan
8693004.0,3.63620005895,34.8218654904,0.0305557183235,0.0116392027165,0.0359932510741,2.70529288672,1.3817677549,9.64850206375
12366537.0,4.73444017528,47.2721872995,0.0321673147744,0.0156307674047,0.0208094861372,2.95112855939,1.36033840662,10.9925856379
6425301.0,6.13839856662,60.2809826043,0.124618945056,0.0146059043427,0.0176964103551,3.14964571408,1.7984319248,2.36848330535
4271039.0,5.16361676798,47.2559470291,0.0755027623218,0.0140569583989,0.0242328166868,2.41553844227,2.06924653291,11.026989823
4937576.0,3.52478518355,33.2769578432,-0.03364230051,0.0284231817728,0.0371514860535,5.28300256938,-5.23792047581,nan
9711231.0,5.13074952648,47.6535092606,0.070732213369,0.0146488867298,0.025162556118,2.33866573258,2.00347800738,10.8053565362
6764229.0,6.07642907487,59.5009476105,0.111073596918,0.0131932019534,0.0235324621163,2.31800832876,2.70514230025,6.61236784185
4378473.0,2.89746008921,23.2163118015,-0.212362861363,0.0343772047972,0.143456657331,4.85824352174,-3.44653470105,nan
11190768.0,17.3572903736,230.393250532,0.34174926298,0.00751600711651,0.00825453912297,3.29369934718,2.23663603086,11.7797618364
10199187.0,2.41484341476,17.5836680585,-0.0485360759731,0.0226103687115,0.0442175399283,2.08898915208,-0.232203311027,10.6139523128
11669113.0,2.91546603332,24.1938836162,-0.0104647389341,0.0178359972711,0.0383326198071,3.04712658123,1.01481912708,10.6906863804
12470054.0,12.5491460248,161.352288251,0.257335433552,0.00810382360358,0.00984428505155,3.0411463446,2.86939554236,11.3503194194
10722175.0,9.50947476381,113.645206682,0.17791487662,0.010128645983,0.0180247991078,2.7671057537,2.82210632833,8.8977632807
5426041.0,5.02393697745,51.3913669074,0.075264352556,0.0131120224458,0.0225127628685,2.75331189523,1.75078758849,11.5914653171
6593623.0,3.01047410816,42.9364163631,0.944978197689,0.00339460849013,1.15028239209,2.88928211352,-6.27455020706,nan
10161943.0,6.25880046881,60.6750856291,0.121166224662,0.0134985952746,0.0221320017902,2.08781795248,3.14848594118,2.7384153276
12216750.0,8.79081188882,95.7357318984,0.208271751647,0.0108077735052,0.0177277312192,2.48951009837,2.43167660105,7.15866508972
5860093.0,5.5394670678,50.2612646773,0.117744910257,0.012987452251,0.0210546989013,2.67538686312,1.18452096591,9.60487007736
11074543.0,6.02254446599,58.0343343612,0.0887689702771,0.0170007878775,0.0230706712875,2.41754893526,2.4327459105,7.41062450372
10847321.0,6.55202335191,69.20379504,0.111763404806,0.014052105917,0.0236059421277,2.64477757475,2.18833093475,9.78615536713
11514322.0,5.74092641633,60.8413104247,0.095549624279,0.0128170781533,0.0259704063894,2.68672843803,1.89453229001,9.05095779749
2436688.0,7.23293789898,76.8552891642,0.151710104849,0.0136053385772,0.0230607203868,2.79980864618,1.83269210216,12.5157555467
6587245.0,2.72924468977,24.1723175039,-0.0596757455797,0.0157926643323,0.0993490372841,1.93791297308,-4.22198677247,nan
5112786.0,1.1468438735,7.83650397552,-0.240175372982,0.0174379338805,0.13365517909,2.50260967669,-4.08112762993,nan
3531478.0,17.236918652,241.05718405,-0.579104005068,0.00520724579335,0.0400860834263,3.0071478067,3.25460505211,nan
4243803.0,1.86559204865,16.1199995599,-0.293198688359,0.0241110711665,0.0995743503546,3.44599232352,-4.493941065,nan
3645232.0,1.43996010574,8.19700253815,-0.452497966932,0.124679086997,0.58477103382,3.36098187119,-4.37600738972,nan
3339894.0,3.35573904093,30.2163837299,-0.070257323239,0.0193145070035,0.0278093038199,1.97882830474,-0.246364965615,nan
5514079.0,6.88075129538,87.9925631264,-0.372413626173,-0.0637311381901,1.3072113098,2.08139927858,3.42010253929,nan
2437340.0,1.3800742437,8.6085696602,-0.302720526853,0.00790969243929,0.0695723585034,3.57600036286,-3.41334439033,nan
10921258.0,3.06323034537,25.0318797983,-0.186423780099,0.000776005102066,0.115252723594,3.20709057057,-3.49598208566,nan
10743092.0,2.44812768834,18.0035756599,0.101553814979,0.079252380266,0.232722178268,4.9148340936,-4.75751971945,nan
2437965.0,1.25602246074,7.37128074681,-0.263199418363,0.0665250470459,0.101093866518,4.50897432393,-5.05233425698,nan
1864855.0,10.0790899326,127.794158548,-0.308795399812,-0.0106383076324,0.044174143871,2.95241888661,2.30166775458,nan
11804677.0,2.42009234089,20.3414244711,-0.506988355527,0.0773723682386,0.142269243501,5.36506393606,-4.39627719607,nan
