,kic,numax,numax_err,Phistart
0,10297313,103.1743916825044,0.6609193262474202,-0.43
1,10552202,39.26460191168562,0.2110720510884816,1.71
2,2973894,28.050943175309552,0.3585325635576008,-0.43
3,9534934,46.710569435577746,0.21061700053285184,0.0
4,7811522,26.823465635424427,0.15912719441706286,1.71
5,7345200,30.437227953232146,0.27529141949781244,0.0
6,9839246,43.8905536472912,0.3688377435167172,-0.43
7,2569945,30.791241243276602,0.3942960762224013,-0.43
8,9027871,42.86741932351286,0.36316627017037534,1.71
9,9336090,32.707915339124995,0.1863973531768128,-0.43
10,5374118,61.075488841366216,0.7507255675657144,0.0
11,1162746,27.603658968211608,0.22072689117762925,-0.43
12,5112072,126.47206071088304,0.522929722645417,1.71
13,9635603,32.14627819877197,0.2248114685807508,-0.43
14,9157260,235.0633894262629,0.3831855008233728,1.71
15,11615498,66.47619308513636,0.3844670319239799,-0.43
16,8937073,24.515343393883327,0.22309853572445745,-0.43
17,10936814,37.63184956854335,0.2841294829233893,-0.43
18,4640537,34.35910214811286,0.2805366907948341,-0.43
19,9909804,36.868726447259995,0.3132193001369057,-0.43
20,7428418,35.7783817941304,0.268769109151901,-0.43
21,10420822,77.7053024787586,0.3767316816051872,-0.43
22,11824976,36.05130220349773,0.30783616966731464,-0.43
23,6929729,65.18383676318221,0.379914900820869,1.71
24,9329058,41.05888023556368,0.3736995118897515,-0.43
25,7510604,33.280961823390236,0.4084490644886992,-0.43
26,5023845,111.49382230939048,0.7557648297647063,0.0
27,2437804,26.52134220705642,0.3387393490751609,-0.43
28,10068810,49.26922006723206,0.15538089478458167,1.71
29,10546977,43.03436625154528,0.27755909343718904,1.71
30,11494312,37.730679218579475,0.3836716022042459,-0.43
31,11141358,27.44738090004524,0.2569482765784523,-0.43
32,3444374,56.718630617322795,0.20861186285915256,1.71
33,9656523,33.44290399864883,0.21057426673159,-0.43
34,6343222,78.58298033973672,0.23033684758457346,1.71
35,7431665,55.244092765065325,0.3671735759426131,1.71
36,11973853,203.5812571480797,0.6896291851517705,1.71
37,10992711,35.345785519964345,0.21139053916172268,1.71
38,11357004,25.475499000595914,0.2113026248894643,1.71
39,5111949,46.94174046491064,0.32970017522988804,-0.43
40,6594505,35.01395605687145,0.3375835533752858,-0.43
41,11019954,34.55391740951673,0.3752553334396895,-0.43
42,8354896,97.242251170428,0.4046292355040865,0.0
43,10480806,67.47960547035679,0.5561573693103599,0.0
44,11152753,43.209147316624346,0.43187246755810577,-0.43
45,9582005,29.91243038270929,0.3041637811391302,-0.43
46,6680734,17.45813752672484,0.15963419386634908,1.71
47,3114408,29.90639422120737,0.2291935728097408,1.71
48,11753018,64.04378600314203,0.4276176313738671,0.0
49,10816748,32.41156580566197,0.21354576899625785,1.71
50,8872979,74.88179519986278,0.4878991828151036,-0.43
51,4139784,47.81647142091669,0.3588997349901488,1.71
52,9772366,76.19793517283048,0.2568992655193222,1.71
53,9163153,154.82211524342284,0.2757504747960478,1.71
54,7741179,26.547422025125734,0.3119226002751146,-0.43
55,11357931,35.349017201323534,0.3135396512204481,-0.43
56,8693018,89.47842052473288,0.4395600994288267,-0.43
57,4991732,106.0086147693327,0.342679255800944,1.71
58,7273426,30.464106769449106,0.2943496110593655,-0.43
59,9758246,21.820684436150213,0.18792135607217625,1.71
60,7949599,34.0253187277673,0.3481064164587363,-0.43
61,5024582,47.85082302018029,0.3599486604876222,0.0
62,3736477,28.0449940664713,0.28530585267976144,-0.43
63,9283816,43.369297046528324,0.30277201010073945,-0.43
64,9028511,29.53439952163288,0.2579461160666,-0.43
65,7191673,32.04421682233093,0.2838349093387151,-0.43
66,4933594,34.136347370662875,0.3299550682507408,-0.43
67,9542218,57.61755763091749,0.3398505160589977,0.0
68,3457618,34.450188903709176,0.378186777539968,1.71
69,11250488,24.38893456083555,0.1807717924172509,1.71
70,4056266,88.45912966973154,0.4276493449936492,-0.43
71,8676927,42.54120369490229,0.3375916622977497,-0.43
72,7103666,35.71148912649689,0.3523558011874816,-0.43
73,7189610,34.996427363917284,0.42766155495670494,-0.43
74,12117790,113.65701219829742,0.504941217685453,0.0
75,6756908,27.137733318967072,0.4116292732127299,-0.43
76,10592802,29.04241283851923,0.26264563352051623,-0.43
77,11177749,33.898972270178696,0.2760120286712102,0.0
78,11236536,44.1183112810081,0.3164262512102186,0.0
79,6854095,30.733037627310747,0.18195998340468145,-0.43
80,4475934,39.605275657057625,0.3089237966343098,-0.43
81,10653383,40.45574035743529,0.3564981007340048,-0.43
82,5024512,74.27171821957774,0.5850235635795148,0.0
83,4937204,40.29895528018128,0.21682309226842025,1.71
84,10025387,141.24396815169732,0.35458010104964194,1.71
85,10603958,28.9584377701926,0.3728603658552344,0.0
86,7347189,40.836112568354366,0.3294979246239409,1.71
87,9662395,48.372539430469075,0.4782734219940592,1.71
88,4633907,29.77675925908288,0.2272701416861248,-0.43
89,3847071,61.97871852627202,0.2619184574189842,1.71
90,7429055,61.12628252679737,0.2552626898010964,1.71
91,3835996,46.07263757562686,0.2826916652714779,1.71
92,6680386,29.32709479059508,0.30459028980476244,-0.43
93,9142574,26.264890030810108,0.3272390582113925,-0.43
94,8545291,55.04777057685988,0.2044625710502892,1.71
95,10910802,22.835944851379274,0.22405488673664944,-0.43
96,4141815,43.07652739608308,0.3037137972346563,-0.43
97,11413138,46.90879270121168,0.3494105827253696,1.71
98,9291249,45.20687582963849,0.3604425595971023,1.71
99,10613112,46.17075702645438,0.3741836046665822,-0.43
100,1720425,27.59237525139057,0.18437515614198272,-0.43
101,8366239,185.6598667958896,0.4690250066489229,1.71
102,9327993,33.78238203405167,0.2950174576772555,-0.43
103,6429457,23.611715973705525,0.2098629341053032,-0.43
104,10590683,27.126490993592743,0.28595771029382105,-0.43
105,11904929,43.67009986806741,0.32202456006922275,-0.43
106,11546913,177.93379715086658,0.4593326619868461,1.71
107,4469886,57.27125542258892,0.6423402889200618,-0.43
108,2570244,106.106071596744,0.5450382041937988,0.0
109,9702057,27.56483816031045,0.20151809199832205,-0.43
110,5112880,25.328041664674835,0.20872231878457329,1.71
111,9843358,31.24891687113101,0.2787255356155385,-0.43
112,3660976,39.72501718664861,0.42531273082916055,-0.43
113,4040211,38.93614621863011,0.28916759494609506,1.71
114,6762022,40.60258592569155,0.22055649845676534,-0.43
115,10966458,32.48763730463218,0.3030785062706972,0.0
116,9451434,27.31063885494,0.26357623872439595,-0.43
117,8545504,110.47168176396109,0.2973946452468465,1.71
118,8824452,51.73824631235981,0.1931578963519008,1.71
119,6423690,33.560554439505765,0.3582162091954416,-0.43
120,10603170,42.26776050710343,0.29549205624470204,-0.43
121,10002647,36.37055410719452,0.2528793818105921,-0.43
122,6756648,83.33479238708391,0.5537574071865147,-0.43
123,5023732,27.52785220921337,0.314619607255234,1.71
124,10964584,30.687024147485925,0.32550030543663017,-0.43
125,10879372,31.60973602595553,0.353670881304171,-0.43
126,10095409,39.55366679045733,0.3089746399503391,1.71
127,5283798,55.53595228916677,0.3856103996702704,-0.43
128,7273672,21.06713930216762,0.15339345935784818,1.71
129,7515516,94.27294708537914,0.4784498341652943,-0.43
130,11661782,60.42276287556186,0.25131939924151697,1.71
131,10602374,38.42909929153603,0.2589076270603907,-0.43
132,1576469,89.68760682700302,0.4031490870448524,-0.43
133,9650046,68.54895499556628,0.5918548628232883,1.71
134,11721374,60.41066615180382,0.26764563202574604,1.71
135,7743176,29.93182763799129,0.2631058339464257,-0.43
136,9658002,35.506735137651354,0.2388226884375217,1.71
137,9145955,132.01559603005737,0.2944686322125356,1.71
138,9351186,33.27521937822953,0.30271047712494953,-0.43
139,5024405,99.55110705750505,0.5431142647511672,0.0
140,8613617,171.0388043607691,0.265356747807439,1.71
141,3847697,45.71371384957125,0.2394222912676309,1.71
142,3938291,117.04899374102988,0.4835069611043316,1.71
143,10659842,75.75373260370147,0.2192026236375346,1.71
144,10910674,36.1980646910827,0.29012431532799554,1.71
145,11289128,29.553485094133663,0.4340786278541686,-0.43
146,9785675,23.978156243847256,0.2843318245551102,-0.43
147,2693261,33.36854936614148,0.5092988952057057,0.0
148,9761625,8.993159784884671,0.10938655708282444,1.71
149,5597965,54.9503651138803,0.3155003460614575,1.71
150,7351098,115.72198522456208,0.6869042852586495,-0.43
151,2297825,30.28064163496203,0.4356084204946037,-0.43
152,11447802,43.97723026399027,0.3702932231804136,0.0
153,11442227,26.994818007316088,0.502780762325849,0.0
154,9818513,32.100176903854965,0.29969243258671224,-0.43
155,10802837,57.208167218552035,0.4184886066990874,-0.43
156,6853779,11.203842675021736,0.21430163623761614,1.71
157,8284682,29.792862554791192,0.2486111316702241,-0.43
158,11145563,29.225530923245174,0.23975558667731586,-0.43
159,3102479,38.78652800663,0.3451492090145376,-0.43
160,3545147,55.41600391748051,0.3687343633017494,1.71
161,9591097,33.9530045274893,0.3372334331312389,-0.43
162,6756579,38.840172460408226,0.3639999917574385,-0.43
163,6843705,30.117134841014128,0.268743073286524,1.71
164,10095427,57.90731729549832,0.18822050607214105,1.71
165,11232225,31.68212974145197,0.3157472231038223,0.0
166,2554924,34.50689332273652,0.3332523437013412,-0.43
167,4755467,36.66598230864089,0.2721835447891359,-0.43
168,9727675,67.51254455368127,0.632474663432875,-0.43
169,10005422,27.563143019788274,0.25004955719596395,-0.43
170,9605294,29.55463069942069,0.3699275922705305,-0.43
171,11868246,33.49418691648047,0.2761732546664369,-0.43
172,5113041,37.748465113920325,0.3116445699710882,1.71
173,7516687,35.36907703471303,0.22099828921542167,1.71
174,5689343,98.0396128387866,0.4443774115004366,-0.43
175,10602015,185.4543768026936,0.3307781764891701,1.71
176,9075225,56.09452790438905,0.2965396078983327,1.71
177,2448225,35.65247331785045,0.2686601567392321,-0.43
178,9712888,32.58114773907368,0.3639424602692923,-0.43
179,10935853,64.3137314783649,0.7138024460599152,-0.43
180,11559645,26.563881035231905,0.3001322426571574,1.71
181,9882550,36.773258850952104,0.26520859276853337,-0.43
182,2449703,32.02334389993889,0.2486089942872081,-0.43
183,10426854,39.741627020648,0.32967824643030186,-0.43
184,10280586,30.97394008812737,0.417279780935295,-0.43
185,6850177,45.06005789965132,0.30054061463711496,1.71
186,11953581,36.7803924252416,0.4052357309165572,-0.43
187,10962775,35.18739147609168,0.2724072893211268,-0.43
188,11614827,34.636493909402226,0.2491909781541733,-0.43
189,9147335,50.068161138368765,0.3719101530630742,-0.43
190,11252233,31.444203675841266,0.26914264127498905,-0.43
191,8804395,24.83074291402177,0.2551991278850903,-0.43
192,11018922,33.14014123046953,0.2697361339479228,-0.43
193,5104949,22.55485158099396,0.21077933589282968,-0.43
194,6188215,114.04043184105923,0.6867974272817295,-0.43
195,9641772,35.16332194557395,0.2633210615497141,-0.43
196,10352615,61.39856837187808,0.4001256767453894,1.71
197,9405480,22.289008101432614,0.18714554486421925,0.0
198,11515377,194.87196574362858,0.4313636529387234,1.71
199,6428974,41.39156403303956,0.4335653384897881,-0.43
200,4036300,37.526266951282274,0.31093305220072365,-0.43
201,10614707,35.46553422934521,0.30310964455268136,-0.43
202,10651320,28.79967190235617,0.319805111724773,0.0
203,11509608,33.61202341374793,0.2116998198739552,1.71
204,10416550,47.83827058268672,0.3370992294890905,1.71
205,9475697,114.74603714045374,0.29542345220609034,1.71
206,11037290,43.41207233566702,0.31884175872709264,-0.43
207,12122151,50.72668191167513,0.27839134673830074,1.71
208,2436417,27.05941578040558,0.3228331015973813,-0.43
209,2437040,25.39120831362369,0.1737981702736876,1.71
210,11234625,33.58961479719704,0.24538376796777955,-0.43
211,11563791,42.74670431094647,0.18065154647239967,1.71
212,4902701,35.64562965374903,0.25159246501889154,1.71
213,11954465,105.49691913268609,0.2661664017218656,0.0
214,7592356,30.463580952493555,0.327544629181264,-0.43
215,2437816,18.00519530651729,0.1268637001557224,1.71
216,4346893,32.70849091684812,0.2773270927665345,-0.43
217,11083613,88.75053416014994,0.19616689668863888,1.71
218,10087394,59.04562167104411,0.2501155889249601,1.71
219,12121377,43.44754043314827,0.3950936430505531,-0.43
220,7018252,27.27169523230138,0.2607896415287111,-0.43
221,5112491,44.548533350533454,0.3468213429715332,0.0
222,6185790,42.58367404927841,0.2486117764641508,1.71
223,9941141,89.94481191798033,0.2331973351843687,1.71
224,9536330,22.2142318920413,0.2173792283708528,1.71
225,3631402,46.94086255431512,0.3209691365583429,-0.43
226,11775511,48.19529780773823,0.2202997812156452,1.71
227,6755830,41.54767568140892,0.3233368213381286,-0.43
228,2438038,62.7262901954686,0.2470802668557233,0.0
229,5113441,154.424834459009,1.0142710939756199,0.0
230,9580991,61.56568231500347,0.4073541972952061,1.71
231,3528656,20.523292393408305,0.1907596491468332,1.71
232,2435987,37.84785075667972,0.2706446548640779,1.71
233,10743515,45.48426303240592,0.2997824880325501,1.71
234,8739118,33.54993668771155,0.4226058326766897,0.0
235,8676094,28.29160312119243,0.2663519361773488,-0.43
236,9705687,75.19260948012283,0.2849975544659542,-0.43
237,1726211,30.816658316148203,0.2566968085071917,-0.43
238,5024404,47.21836232276475,0.312455728314612,0.0
239,11146647,29.88261820680809,0.25901319459930044,1.71
240,5598789,57.188938004559,0.32651841110152324,-0.43
241,3453419,44.71116336334522,0.3794003564068148,-0.43
242,2436818,98.4440939584568,0.8220123343043879,0.0
243,11905840,120.54657842028351,0.3125579595887719,1.71
244,10873444,55.58078060104857,0.7091143798766992,0.0
245,9775927,107.88564518724384,0.5048135420379037,-0.43
246,10220213,222.60962497153432,1.6419148168663984,1.71
247,2437353,31.69963293108689,0.2752396739223971,-0.43
248,6192043,112.22129886031477,0.4271372494687956,-0.43
249,10816214,46.20542984837282,0.29559678922364363,-0.43
250,11146152,31.767773097217212,0.3170854196141858,-0.43
251,6192431,34.969645857373926,0.2976946978412742,-0.43
252,7949258,33.906905980709126,0.30166048725417416,-0.43
253,9414068,9.939108567837122,0.1401951907206219,1.71
254,9724882,37.18881903800321,0.260835727281572,-0.43
255,4345370,32.391680249469985,0.18596285808384244,1.71
256,11444313,33.42790906962355,0.2614429277927847,-0.43
257,11251837,28.20328203419585,0.3682263533963847,0.0
258,10747862,30.781543518833853,0.20641793785220647,1.71
259,6755907,43.75743658476672,0.22030552828674413,1.71
260,11241927,25.86864360617065,0.24945035036277466,1.71
261,1432587,5.397477021582364,0.11086744147093082,1.71
262,11287679,45.64645672145581,0.30085070669668523,-0.43
263,4546625,33.848868361512864,0.27216283923862394,-0.43
264,11805792,35.6051239093081,0.3739522307511808,-0.43
265,10356057,65.92476134618154,0.1860825441489588,0.0
266,4445711,35.71722334399,0.4348219772914446,-0.43
267,3560181,32.49122013911328,0.261484412400419,-0.43
268,5196152,80.14860608981105,0.4070321998055744,1.71
269,10907196,44.46524422581731,0.3012502194119599,-0.43
270,11512096,30.664525847436533,0.2614814127213094,-0.43
271,9406415,57.64400656985315,0.39093045241354224,-0.43
272,10809457,36.8112658153865,0.25889293218991777,-0.43
273,9957219,35.65867860725236,0.21542197912880864,-0.43
274,10268744,32.39880378076113,0.30578201294877744,-0.43
275,9292408,27.579369388893127,0.2984466690176281,-0.43
276,7270142,53.36600453144386,0.24082872681547976,1.71
277,10598558,43.22713797332163,0.2110280033742168,-0.43
278,10718491,49.13678650850919,0.31257507261778994,1.71
279,11653073,38.02584887165017,0.2909749963132958,-0.43
280,3529276,58.411330579082325,0.35597166178678863,0.0
281,11199783,45.71125082857586,0.3226067149206404,-0.43
282,8962923,80.90249139710734,0.31882323005126145,-0.43
283,9472076,125.69689009226894,0.2528401888204199,0.0
284,2437933,108.07789901474844,0.5637118912633101,0.0
285,6755373,50.94876083827332,0.3124270426441228,1.71
286,12121656,37.84013511436601,0.251318507801001,-0.43
287,11028575,36.76712575239397,0.28427642190835745,-0.43
288,11551758,30.11000623333384,0.4740614149755175,0.0
289,10093930,32.97759478816546,0.33124976632333003,-0.43
290,11598116,17.845897641850073,0.19316574823172936,1.71
291,9406596,33.412803140532105,0.2566619457772089,-0.43
292,10468528,27.021004591603212,0.2767065673759613,-0.43
293,9581445,61.37353608818419,0.2585439277085429,1.71
294,10290457,30.71876822541852,0.3141259815499246,-0.43
295,2436458,37.113129910747475,0.23544043450670604,0.0
296,11401466,35.220240278826765,0.3036187479563949,-0.43
297,11615224,30.08015144943369,0.2377251060457423,-0.43
298,6264398,30.61208699677267,0.4272495699869503,-0.43
299,9353187,78.70804867522148,0.43485339666273903,-0.43
300,11295851,95.11708404365321,0.5174976633910601,-0.43
301,9711492,50.61631691349877,0.3785003505098589,-0.43
302,11567563,42.43596467948814,0.2489610483198096,1.71
303,9711269,65.25497512897269,0.3235599788083883,1.71
304,5858034,38.109807668730134,0.3635804685376047,-0.43
305,10877915,17.852027854532512,0.21070039980390967,1.71
306,12215647,49.3217693876195,0.3297293874405295,1.71
307,9405555,18.309863550202085,0.13329333317315425,1.71
308,10229796,48.86313595018635,0.4128158347937563,-0.43
309,11414700,36.87817585765779,0.35870047397394883,-0.43
310,10469976,50.83327793823634,0.42778963251974267,-0.43
311,5257167,28.86728576233221,0.2179404767262132,-0.43
312,9652704,187.81040070605647,0.32879077142734925,1.71
313,6940048,31.296323810031534,0.20852563089586024,-0.43
314,11129945,49.73925325068998,0.5971937312273892,-0.43
315,10801063,200.30190942768917,0.2873061407811656,1.71
316,5023889,54.09882339280632,0.2860196258870765,1.71
317,11673900,43.62912405444753,0.2947510758867481,-0.43
318,11087371,145.5034367425852,0.33624668539833064,1.71
319,10604255,29.553661091578498,0.2778754050043971,-0.43
320,9025882,34.51162871563079,0.26124594998834605,-0.43
321,10282002,30.36136445510527,0.2760932724818378,-0.43
322,11521197,67.8222823374014,0.31484108541000955,1.71
323,11649294,33.549187384440884,0.32434572626427194,-0.43
324,9003765,59.8546247404059,0.2265072952798532,1.71
325,9520156,31.15359507458405,0.22340222741711585,-0.43
326,9893889,29.693478664567184,0.4536024185866781,-0.43
327,6678428,34.63117259225541,0.3656225374203044,-0.43
328,9583430,100.5810381240412,0.5386648963073061,-0.43
329,9786625,46.370024951827276,0.2591907249758052,1.71
330,11358755,36.62146966263843,0.2218156448759728,1.71
331,11820688,38.74093079701755,0.2760954809213502,-0.43
332,10670445,29.814359705758328,0.2438295273062756,1.71
333,9851743,44.0620189638834,0.47498380716885996,-0.43
334,11305250,94.16345564377865,0.4160728706633143,-0.43
335,9535399,58.11894068498801,0.2402926940543384,1.71
336,5602545,36.72595761634353,0.3352141407097737,-0.43
337,10552972,180.9785560549477,0.4088502146259432,0.0
338,8822878,35.90506037132078,0.29026863098358696,-0.43
339,2437653,74.23283275957742,0.3252380514448385,0.0
340,9479404,87.50945125501056,0.636564696368366,0.0
341,10724027,31.221096324190693,0.3183478272474851,-0.43
342,10492041,44.59080074120349,0.3506446130146161,0.0
343,9574650,107.63470267097851,0.23170074819598474,1.71
344,9967174,54.67565925708453,0.3985141135059627,0.0
345,9080407,45.589570385652074,0.2727823467693641,1.71
346,11600208,30.065304516790057,0.3339413805234493,-0.43
347,11823838,41.848911922788965,0.29824120479015137,-0.43
348,11359175,34.39508570017283,0.34489142455942884,-0.43
349,10272641,90.68922454872956,0.23946448348798144,1.71
350,9780183,29.853600171400505,0.2439960812686857,-0.43
351,11403437,33.77830428813569,0.2771783218043983,-0.43
352,8742013,25.34971985889076,0.17782675908301465,1.71
353,5857618,72.1522840351908,0.35667070373144905,1.71
354,6424157,100.0757965402351,0.2700605676385338,1.71
355,2285898,24.58128686796425,0.2616632958544049,-0.43
356,11855110,37.98666728159914,0.3948201242167556,-0.43
357,7674224,130.89899452765005,0.21383826626855426,1.71
358,4042951,31.764521509471887,0.2700978839255693,-0.43
359,8081278,33.84394289310061,0.1770712658001001,1.71
360,10973854,31.322813328101468,0.2004464047460286,1.71
361,11954278,34.846630616649406,0.2806604422368069,-0.43
362,10552614,44.099532842243576,0.3700998193161412,-0.43
363,4937770,98.10165028795755,1.1380033625396406,0.0
364,11518492,52.747474100995426,0.2636361030878239,1.71
365,5172229,40.241344700745465,0.2231700798917432,1.71
366,3326790,25.68303066070893,0.24805927271725944,-0.43
367,3101090,31.937070970943946,0.2646011764873532,-0.43
368,9596106,20.611991753092326,0.219043971355559,1.71
369,11357686,56.25387467488419,0.2368592766180182,1.71
370,9658793,40.55019797797049,0.2450024348084868,1.71
371,2996112,32.61217664610399,0.2971062029483392,-0.43
372,11298371,35.817165903272354,0.2731514934374757,-0.43
373,9333184,32.456456351046356,0.2915141650245595,-0.43
374,2437270,69.73614688418877,0.4135523211071089,0.0
375,6765032,6.90287124154922,0.16065370453044756,1.71
376,9351617,39.17359095425017,0.5115136244141725,1.71
377,9641484,35.23180256112172,0.2947010493100992,-0.43
378,9846877,36.86022368090467,0.31774007220480394,-0.43
379,9008270,34.19274788565638,0.24047664546634034,-0.43
380,8675106,73.02836633672953,0.2782838895533821,1.71
381,8759811,53.17666960916142,0.27805484235937883,-0.43
382,3733028,178.5815717093724,0.4445023741851304,1.71
383,10018973,31.885236530174517,0.2770551637276988,-0.43
384,9145781,241.2762030797085,0.4751168224375081,1.71
385,9282363,29.19448079821913,0.27624424005333903,-0.43
386,2018392,33.596247414345285,0.3047280379306141,1.71
387,10196797,30.472662075983962,0.2998228334665064,-0.43
388,9821783,34.86965748602266,0.2753368463576133,-0.43
389,11871882,34.380540006777174,0.2647994028440303,-0.43
390,11360886,46.12686664425346,0.3792088265151941,1.71
391,2570384,63.797750081397794,1.4320419300411602,1.71
392,12003253,28.549131503734284,0.6899224000150564,0.0
393,2569360,21.55162575328712,0.175287618018441,1.71
394,12003742,60.159709272189744,0.4398248860686949,-0.43
395,1433593,69.03488695880029,0.3908032673420445,0.0
396,7109120,60.819222354842566,0.2812470666190819,1.71
397,11287936,51.45036294534252,0.2710559749097926,1.71
398,9472481,60.25308771247767,0.6276874637418545,-0.43
399,10991673,41.74706613704107,0.3292570121502173,1.71
400,4843143,33.050712454326664,0.26141127984146456,-0.43
401,10678016,29.346208733815146,0.18269916690859725,1.71
402,9881628,27.038022740390463,0.3077586671499716,-0.43
403,8086192,75.48096391528793,0.3478401293699294,1.71
404,8890410,61.64142535329151,0.37935878179743604,-0.43
405,11308660,36.381539441265545,0.3405589477164325,-0.43
406,9532518,31.09377090366457,0.31621646726404345,-0.43
407,9836930,73.3725274980791,0.6464178967185098,-0.43
408,9202995,28.80382611613966,0.3486471888818718,-0.43
409,12217154,47.38339988057146,0.4450936672016993,1.71
410,2438051,30.541960478456012,0.5349954246617207,-0.43
411,10394814,208.43529060135043,1.180362905111028,1.71
412,8759207,80.9992933544152,0.4531467997355627,-0.43
413,11337714,38.50956180211926,0.4385165006597401,-0.43
414,10527661,31.11823088013824,0.281799352807739,-0.43
415,11129153,26.80951068021021,0.6375763827004356,0.0
416,11135286,37.00096244719682,0.267716970013172,-0.43
417,3955590,20.828982253674308,0.2599774482555356,0.0
418,3530823,44.68742117573285,0.20589661568735712,-0.43
419,11340165,32.85757658004065,0.2668743130270896,0.0
420,11028372,40.07241494694878,0.2399488057136409,1.71
421,9408590,44.978973908702784,0.3039031362356197,-0.43
422,10147072,67.83845496837075,0.5160120323709957,-0.43
423,10991398,32.54703667068285,0.3824346057749568,-0.43
424,11868264,33.20718515705353,0.3451994113451756,-0.43
425,11413158,57.146628657735405,0.4662446945800153,-0.43
426,11250152,30.065995797672944,0.2421510541107408,1.71
427,9596639,30.0158000278692,0.3430294612848837,-0.43
428,9574730,47.86317294756813,0.33014993481069416,-0.43
429,11569659,31.34798646276455,0.3154676684957395,-0.43
430,11177727,31.222987356159397,0.2854044350801859,1.71
431,6929280,33.52084810859399,0.3069144073754209,-0.43
432,10474071,92.4809320948296,0.4497328767197529,-0.43
433,10071249,31.563889868988852,0.2932737851764233,-0.43
434,2570172,74.27000346460252,0.39080461015180057,1.71
435,8612520,42.52153454413332,0.2591971845362667,1.71
436,11027337,33.86369250211246,0.2086108658293176,1.71
437,8867740,22.23149254662013,0.1747093141355784,1.71
438,10979181,10.371325592462712,0.2985174747687697,1.71
439,2436097,42.14299104167976,0.2880456127802926,0.0
440,7017044,31.20842085927564,0.3656183978027237,-0.43
441,3744043,112.7497751657096,0.30141899195714217,1.71
442,9328682,46.75216668398048,0.29050523181634186,-0.43
443,11441797,57.7692107488066,0.2623941926992127,1.71
444,8822689,54.994448997940566,0.4521118538125554,1.71
445,9835790,61.77660303645033,0.378010199622382,-0.43
446,11805460,37.875857494192466,0.2712896699642013,-0.43
447,11020211,107.58771881504164,0.27414571484202915,1.71
448,10395638,41.895466377821,0.3815735934489379,0.0
449,10550429,135.53300775519622,0.6330215015905959,1.71
450,11353313,126.2012363791034,0.31099690902198185,1.71
451,10555186,165.53699712772854,0.7050894042001016,0.0
452,6768319,53.849137209182345,0.2684911006749625,1.71
453,4346319,46.25088511916092,0.2737792425174668,-0.43
454,11252437,26.36817868214461,0.2851560952794149,-0.43
455,10212620,48.77202216359454,0.3615006716553226,-0.43
456,9211401,27.93404561342177,0.423968036444557,0.0
457,11191557,70.49859557482516,0.4549670712891445,-0.43
458,6345474,33.2752199195129,0.3014756480659108,-0.43
459,5112361,70.42658231103249,0.3916853287576456,1.71
460,5112467,46.72518306308727,0.32279192261509226,-0.43
461,9205705,25.3123290681006,0.2849839783239637,1.71
462,5689606,45.059576372964536,0.3697380084176679,1.71
463,11337883,150.72621770341453,0.3612971573324552,1.71
464,4140726,50.75426871360232,0.39319003713945067,1.71
465,7593843,32.713801639611894,0.2698218954686665,-0.43
466,11083701,31.04425657272963,0.2683247127170253,-0.43
467,11669622,33.49242186694345,0.26768219862757964,-0.43
468,9579328,33.62938489182044,0.3104217238944728,-0.43
469,10482001,55.135086703836535,0.4309354469265501,-0.43
470,11953849,35.983469627960936,0.23487627807294986,-0.43
471,10355672,36.496866456794365,0.3184314698186042,-0.43
472,8825444,86.77285895998463,0.6460506198679604,-0.43
473,11769182,43.87779343879815,0.28746822862145816,1.71
474,3217051,36.933672575069494,0.2676299593344391,-0.43
475,5168713,42.066817048570215,0.2595128955293197,1.71
476,11924919,116.10322669986692,0.3845576990874932,1.71
477,5112948,42.49877231954578,0.3264319395976694,1.71
478,8016118,83.38000114339941,0.4692417808410148,-0.43
479,10613466,36.3461813658537,0.4853357157919577,0.0
480,2436954,30.848337211875574,1.3086890664139141,0.0
481,9267654,118.69247181372096,0.2815337435467348,1.71
482,11031040,25.81855996229448,0.2316653071276875,0.0
483,5111718,134.80024303514426,0.6756750445005312,0.0
484,8611114,33.74192935384426,0.299595271555659,-0.43
485,9163785,47.08505644749069,0.3221059688793246,1.71
486,5285357,32.393885516099765,0.2914581046458222,-0.43
487,7352718,33.69436922223532,0.35705519318472284,-0.43
488,9716866,32.3767511366131,0.2230361796109396,1.71
489,2141928,34.522308133637516,0.30868428018736765,-0.43
490,8283356,135.63147080571468,0.28955605793000183,1.71
491,9882316,182.18133871296462,0.5250752462066298,1.71
492,10593078,207.6134461333712,0.3897383912793587,1.71
493,2436824,34.16488575752966,0.1987740875696651,0.0
494,7591642,27.184137834513074,0.2626900257874777,-0.43
495,6346443,36.270903670326746,0.3527986395744743,-0.43
496,5024414,79.48135733967204,0.5773109524394392,0.0
497,3633152,33.44745196240344,0.20244404174403025,1.71
498,7670489,35.202025520793796,0.2824423663879333,1.71
499,2307683,40.02523214303332,0.2451955866452255,1.71
500,9412408,34.305942200119716,0.21833059513910136,-0.43
501,10018239,31.19052400377728,0.37382444200884457,-0.43
502,2436900,35.600553908345105,0.2766568037401083,1.71
503,10614602,18.21298960975684,0.1846327999052217,1.71
504,3231503,42.22388257327231,0.4324519643874627,-0.43
505,5517442,36.07814329973921,0.35825010211206,-0.43
506,4136374,50.87257826292126,0.3410519096632046,-0.43
507,4168909,143.22119382895383,0.3725436539930081,1.71
508,6935260,42.90714901335163,0.2312616882880291,1.71
509,2437987,30.87412453560077,0.3895538284381113,0.0
510,2437507,20.59087363175664,0.1547397817473535,1.71
511,7518352,76.90378585451822,0.2287108718509497,1.71
512,11178396,27.062035293979157,0.3024133161197933,0.0
513,10662618,31.327099799330114,0.2299975390198609,-0.43
514,9395535,22.42497405470766,0.17002261981784814,1.71
515,9451999,34.26215673390759,0.24874576935949744,1.71
516,9602917,30.43134393802896,0.3118475180856855,-0.43
517,10402819,55.45802809519454,0.3699900043797515,-0.43
518,7188504,30.015379501828885,0.3244034215258532,-0.43
519,3634720,36.87082649996702,0.4170817630854431,-0.43
520,9883214,27.905401734233013,0.230164435732598,-0.43
521,12418515,33.76226182047307,0.35289647667505525,-0.43
522,10285722,51.09626684095354,0.5971961094711873,0.0
523,3760337,38.2139598295649,0.3942539822968504,0.0
524,9143834,15.73480041683904,0.13739111109769356,1.71
525,9350701,59.994120785828144,0.3516241543220369,-0.43
526,2714397,32.38758519380072,0.3316560201179479,-0.43
527,9269772,58.81182752545662,0.2642898702105341,1.71
528,11551746,44.83521577654769,0.2436446001326016,0.0
529,7670419,28.32329143565668,0.4878646029895555,0.0
530,9390293,31.88906897979907,0.2835291170003227,0.0
531,12365293,93.67850436176901,0.4107817125057381,-0.43
532,2438333,61.05492444144418,0.293280093374829,1.71
533,11244855,36.933179585597614,0.25305601709772263,-0.43
534,11136854,93.0476417748896,0.6136630024795744,1.71
535,7060732,132.56510899065051,0.2791487761890813,0.0
536,9029195,41.594275200077426,0.4124747159157179,-0.43
537,9411366,47.36802449497586,0.4271810345567963,0.0
538,6843557,48.378172454044936,0.3191650561339717,1.71
539,9396363,43.034239357687646,0.3339455587781501,-0.43
540,11612171,36.38018461392785,0.3536828871272192,-0.43
541,12114999,39.92586517512332,0.3133859226218119,-0.43
542,9760904,30.084387064835077,0.2581038318804139,-0.43
543,10849541,21.266254069795465,0.2001563834718879,1.71
544,5083936,34.25336907212063,0.2838898213745472,-0.43
545,10745775,36.89747647196699,0.3286755791780928,0.0
546,3526061,130.07906529038902,0.2699494380955903,1.71
547,11251136,29.196300444551266,0.3016002550095236,1.71
548,6681414,39.742333977193546,0.34762189786704106,1.71
549,10226276,61.977853953322274,0.3052042147634197,1.71
550,6431941,21.051442879411734,0.135779074163885,1.71
551,10792949,45.48682756697094,0.3695026457419061,-0.43
552,10083480,31.239071903504247,0.20716683982620407,-0.43
553,11084022,44.96765687818161,0.2346339735352053,1.71
554,11621486,36.35827848013661,0.22331157043581887,1.71
555,11250139,39.838681827533506,0.19184045150667345,1.71
556,11200573,33.063559493042,0.35385123517409944,-0.43
557,4041405,18.81445374253592,0.12023637185645625,1.71
558,10145279,30.81635060067025,0.26087758383491105,1.71
559,9028321,46.744938719402796,0.27956779419115235,1.71
560,4545474,37.821221356249616,0.2638087129518489,1.71
561,5112481,5.470428912859633,0.10115970653221668,1.71
562,6851499,52.517192116613366,0.1989363465004928,1.71
563,10793890,115.35561019337575,0.8740100580096892,0.0
564,10123207,161.14453706917232,0.28667648874582896,1.71
565,11548940,24.03132948754395,0.2349946257284273,0.0
566,9283918,52.49078741356711,0.312237852913138,-0.43
567,4244973,51.8094689152929,0.4010938067575884,-0.43
568,2309469,27.688272335197677,0.2335469026952322,-0.43
569,4243796,37.86923591457607,0.2648589973530317,-0.43
570,5200152,45.79645540404667,0.4002687747454642,0.0
571,11455925,30.14849524313401,0.2885162453554997,-0.43
572,11090673,26.007394170393795,0.28212163104069554,-0.43
573,2436676,133.868858047999,1.5214276213997833,0.0
574,9597214,43.00708258318528,0.316698509377372,-0.43
575,5770923,81.15774302917168,0.4667963660664983,-0.43
576,6181896,70.81494160814074,0.35296630248230365,1.71
577,5112734,41.191223445999064,0.2965099235834402,0.0
578,10257278,149.57916024194773,0.27215449640265843,1.71
579,5858947,170.5787235176351,0.4233683928326147,1.71
580,10525475,38.682624097900316,0.29381945673287857,-0.43
581,9714063,42.84246103756994,0.3231718938003101,-0.43
582,12005162,160.70989212019452,0.4709607519735294,1.71
583,11152312,33.69699636084506,0.3371553682759301,-0.43
584,5017711,35.68260872355067,0.3766429764044029,-0.43
585,10207059,85.35445593295323,0.5256888690478534,-0.43
586,6508328,37.971911828547604,0.3390584416734585,-0.43
587,9881167,32.01632914148533,0.3141751321856953,-0.43
588,11869095,55.9627305435175,0.32831969739920586,1.71
589,12121207,27.30687277628357,0.1978804626784542,-0.43
590,11252706,41.917778637834026,0.3407023075744517,-0.43
591,4543229,25.492438122520017,0.22050093465638168,1.71
592,4575645,40.76513829494535,0.3774527731552384,-0.43
593,5024297,46.88536791217967,0.2443103322331936,0.0
594,8479383,31.146933062307955,0.22890426189071586,-0.43
595,2303367,33.91620412263518,0.29319112343725234,-0.43
596,2437781,85.39936309043344,0.43500416138684495,0.0
597,10206840,28.753597644440298,0.3071751890032157,-0.43
598,10908322,30.17962435046227,0.3256548442323607,0.0
599,3222670,33.89353012984031,0.2544381875802097,-0.43
600,9032691,35.111668378944195,0.2997898980065422,-0.43
601,10817660,48.690994754481295,0.3509605635836451,-0.43
602,3642038,40.70569998147671,0.29560075362028737,1.71
603,5112288,47.76135261863182,0.5157104640540519,0.0
604,11350954,20.848939373179878,0.2027020289952733,1.71
605,9409513,71.18458987132291,0.456265972771968,-0.43
606,8285510,24.432549121558786,0.209807813809038,1.71
607,7950550,62.619932489843734,0.2369332092655923,1.71
608,6144777,129.66509696817087,0.2687038341082547,1.71
609,5024043,55.67124231697298,0.24621849066862245,-0.43
610,5168382,218.62714274067181,0.4391214293836651,1.71
611,10979742,73.07051383877923,0.3421728519892961,1.71
612,10989210,52.56171683638439,0.5810530039030447,0.0
613,5685000,29.509882692073997,0.3800828382940527,-0.43
614,8677342,52.4142030414125,0.30524057506253993,1.71
615,10461757,25.265147478491567,0.3677614536214224,-0.43
616,7948086,42.51809476572876,0.2890761043262266,-0.43
617,8742545,143.52665561329638,0.2323779536427741,1.71
618,9967351,60.542757241133735,0.3906966102753264,1.71
619,9640886,35.141954726098874,0.2280371043418677,1.71
620,9080445,38.929980171542795,0.34501193785894346,-0.43
621,11819760,29.739088465506786,0.17592536381188614,-0.43
622,9790050,55.82056525542903,0.4158080065489395,-0.43
623,11046496,31.664869778488203,0.2111613004328815,0.0
624,8738834,31.60741667474565,0.30692025772679804,-0.43
625,9706585,29.42318056909608,0.2579219404473921,-0.43
626,8085964,98.50966994133856,0.6883091541181895,0.0
627,10488243,34.96809650818996,0.4968558417147023,0.0
628,10667886,34.75052738690743,0.3097833696896594,-0.43
629,12366461,43.70112490552837,0.2522638970179921,0.0
630,2831788,54.52182166172498,0.1802621921919312,1.71
631,9658072,28.031092477429727,0.3413723087432318,-0.43
632,11308784,62.082235274474876,0.24292318637349145,1.71
633,10610250,154.0034611382884,0.2714519021387644,1.71
634,10287323,46.97347993648796,0.26507760400521,0.0
635,8565016,61.50628554629834,0.2918860165366384,1.71
636,11468340,41.33323140191201,0.3256927701006389,-0.43
637,6502831,26.97564529220793,0.32493300954711546,-0.43
638,12314927,14.389238103889033,0.15270644357684476,1.71
639,11352756,28.63076775604884,0.260850178397635,-0.43
640,4350501,141.48597995185227,0.3144835686737257,1.71
641,5024143,119.8155419141714,1.0740571172462257,0.0
642,11567572,56.680017132051326,0.4825129784425049,-0.43
643,9396095,29.2833229241237,0.2545494954008241,-0.43
644,6430534,27.17624217328061,0.4463658212051389,-0.43
645,11085809,36.02265937998399,0.2579284206189415,-0.43
646,9025029,40.51640575791139,0.3038063688064417,-0.43
647,11018745,35.052756693449176,0.2878878996585917,0.0
648,9726814,46.67052112410318,0.3119614784870586,0.0
649,2305930,28.90176565135,0.4237741476553934,-0.43
650,7619745,170.95910854070962,0.3209165732481665,1.71
651,11026472,92.74227812474277,0.3993595365594277,0.0
652,6508943,34.3129326557802,0.28197357587081595,-0.43
653,9228469,105.90835041976429,0.3030226465232551,1.71
654,11138375,34.022994375463085,0.3114287223708484,0.0
655,11394905,38.58229847392207,0.26687260372925403,-0.43
656,6103934,100.34663535321774,0.5055711023040812,-0.43
657,11128910,36.903628312419684,0.2590691415669306,-0.43
658,9335518,104.11402104394493,0.3052900811004803,1.71
659,10881810,149.84214688916393,0.2751583528924459,1.71
660,10202184,160.13455515782542,0.278016015200427,1.71
661,9728284,47.62067160875881,0.3114779501071343,1.71
662,12070114,39.14959133238276,0.331373379326978,-0.43
663,9579860,55.516758741221,0.29599185448416915,1.71
664,10666932,36.35022284587963,0.3434598664541699,-0.43
665,9332840,39.96306631594353,0.2754638487304488,-0.43
666,10291535,116.60241689529272,0.9386110011589242,1.71
667,9764708,31.459199449075818,0.4018645617414361,1.71
668,10162765,87.14889849125059,1.0859419486086936,0.0
669,11509277,45.30593210062541,0.29749263745869864,-0.43
670,5024583,37.62777158191111,0.3003960952933416,0.0
671,7672405,13.960464620669134,0.16336224158480914,1.71
672,2570518,46.55937422705479,0.2436895481753957,0.0
673,11752707,19.359959813018648,0.2532761141409885,0.0
674,12167521,34.490532318370896,0.2874910630034982,0.0
675,7349386,26.83061472459447,0.2527245621039587,-0.43
676,5024272,18.14393766024992,0.3188133271332889,0.0
677,11134982,103.83073977067363,0.35559746834442146,0.0
678,4057744,25.67801142292471,0.21270146434240328,1.71
679,11456449,114.6397476575861,0.40736591239070935,1.71
680,7671562,29.826942865327247,0.3256084239311309,-0.43
681,10735926,35.12205366192217,0.28528515598273063,-0.43
682,1433730,40.038161798411814,0.29998484810295084,1.71
683,12314910,21.819509964880325,0.519408764884387,1.71
684,7948193,116.25589920596485,0.842130472751966,0.0
685,11913545,117.05903701192871,0.24200339081878824,0.0
686,11455176,35.88252737221622,0.2746429239974605,-0.43
687,10524715,64.25923154361561,0.3883358246002464,1.71
688,11462972,42.81693925524709,0.4831866850637278,-0.43
689,8283646,66.0891654543306,0.43870338194098174,1.71
690,6262867,30.719014599721714,0.2508188867467063,1.71
691,7103297,38.86515142533488,0.29276086719326044,-0.43
692,2569055,31.09003983207479,0.35507831232040155,-0.43
693,4569298,36.87828225419531,0.3169608568217491,-0.43
694,9456478,19.74200930128678,0.14086581075985224,1.71
695,4262505,89.33381007518408,0.2558566988186452,1.71
696,10459696,61.63633925944197,0.24977710204015305,1.71
697,11716326,222.9168275512626,0.270999179903926,1.71
698,10163776,74.6780894923127,0.5201440195740468,0.0
699,3849027,26.564120751727728,0.21275382325768946,-0.43
700,9728845,27.97110157573287,0.4931745306737768,0.0
701,10858331,27.15509177268891,0.2747754510152896,-0.43
702,10485765,63.78402064069538,0.405953297774344,0.0
703,9704774,34.9052531015033,0.3204124256221261,-0.43
704,9942816,40.426156412249924,0.3069416348898498,-0.43
705,6273063,31.46955442213022,0.25213117334897617,-0.43
706,9034557,41.84629364150389,0.33910432267086665,-0.43
707,11361765,104.06948161862594,0.23779859462886144,1.71
708,10358632,33.7074164355394,0.2356059700682012,-0.43
709,9644558,27.69565132300929,0.2981283655891733,-0.43
710,10224535,36.23442842509977,0.3979121640570285,-0.43
711,11126673,55.891539381113155,0.34466372260672856,1.71
712,6677653,71.85842878220049,0.4568118818128487,-0.43
713,2436732,30.158484343557216,0.4494754172828837,0.0
714,4760954,45.26002277831629,0.360012366494446,-0.43
715,2437444,19.139561787717344,0.16509785323469173,0.0
716,9145952,33.21204723853228,0.2442085439046801,-0.43
717,2437957,93.64316820372,0.5491910085610741,0.0
718,10065848,29.565878179306672,0.2437400195743321,-0.43
719,10747240,35.44225429052568,0.38766104033358745,0.0
720,6117517,120.00086595255571,0.26663522534509954,1.71
721,5084662,40.96262371423105,0.338181557295817,-0.43
722,9408361,62.20201491771057,0.534989718422254,0.0
723,11289335,35.447343243938995,0.2893700849026635,-0.43
724,8759746,45.496846950281714,0.31478889550232536,-0.43
725,9273827,108.44535330142644,0.4417870065905078,0.0
726,8934264,8.534434522824387,0.07160647898817438,1.71
727,5112401,37.080226690968686,0.3826038907717688,-0.43
728,8479780,39.94041527991217,0.30852020091253435,-0.43
729,8283958,35.813226831190185,0.2303882049644252,1.71
730,8673221,36.6763944005287,0.2977679868959573,-0.43
731,2423824,22.62577748544961,0.2712230558061513,-0.43
732,11617622,32.329677091913624,0.266661955677394,-0.43
733,11674692,81.99143543910743,0.6890788712145892,-0.43
734,8350645,54.20030277002589,0.24541400548299835,1.71
735,3526625,35.2173918401129,0.3143921404198046,-0.43
736,9077844,47.482487727894586,0.3456264584241622,-0.43
737,10784013,16.511089413182553,0.2315840924175297,0.0
738,9346602,55.96418424659702,0.31028759417971513,-0.43
739,2142095,28.85533956851265,0.3101393293642601,0.0
740,10864711,45.07331739786617,0.21990521084705425,1.71
741,10207321,65.03239062987628,0.21578123145260814,1.71
742,7807614,32.06350186646173,0.2773433356688983,-0.43
743,10353044,33.494356015019086,0.2857864791129877,-0.43
744,10148026,71.54655380413887,0.5158238193147942,-0.43
745,10669123,36.26814439338944,0.2899731570722797,-0.43
746,3425675,32.22396810803847,0.2221555438542355,-0.43
747,6850417,36.48054631114093,0.3029685009362472,-0.43
748,10159217,54.57490969841594,0.4006697049835925,1.71
749,2569618,55.646181322979864,0.2654903269842971,1.71
750,9667930,68.93351388570075,0.486796780544877,-0.43
751,11180468,51.5361930823753,0.3651073917834768,1.71
752,3527032,43.10900950267311,0.27811499937189593,1.71
753,9002344,43.36431306433686,0.29838275414598986,1.71
754,8824264,32.48115527941868,0.3389011584670111,-0.43
755,5024750,12.89749269661599,0.38130103538964494,0.0
756,5282875,45.92274159454431,0.4513194556061436,-0.43
757,6936796,21.790148947057926,0.2417251544410769,-0.43
758,6590363,31.57851292773805,0.3072342315436345,1.71
759,11463411,51.02787006897111,0.3078690185306817,-0.43
760,10006852,77.48554683589572,0.4664876231250827,-0.43
761,6101471,105.46515151959929,0.3596241295590717,1.71
762,4814198,49.75716722053852,0.4196480954459993,-0.43
763,3323943,32.611335567591794,0.24990788169692624,-0.43
764,10600926,29.429843309645786,0.2727911373518635,-0.43
765,11197101,29.034226072476567,0.2408437707581069,-0.43
766,8941202,33.72722159859602,0.30573457284291805,-0.43
767,11519991,100.74376075056463,0.4376137571108326,-0.43
768,11560939,162.72223720071258,0.4027889646388544,1.71
769,11351140,30.273452746671467,0.3557761921899328,-0.43
770,5024476,67.37517118888877,0.5110413087659278,0.0
771,9767332,111.77626196805019,0.45635572714110395,-0.43
772,12164879,52.87203099275158,0.4482142426432445,0.0
773,10659100,27.18603647280925,0.2815794818261105,-0.43
774,8154383,66.81622539085332,0.25134023626228336,1.71
775,11045572,64.33075720376212,0.2915119874722298,1.71
776,9470276,75.94434258342227,0.31243167767018265,0.0
777,9511938,49.06269978215369,0.3523158605038328,1.71
778,10618005,30.954408822571352,0.36064641000311065,-0.43
779,10023439,65.08722482524611,0.2539913281323782,1.71
780,10525595,117.18337976183636,0.3301768362436052,1.71
781,10198347,37.41470950627051,1.0091708960540615,-0.43
782,10025321,131.71695137621487,0.5683732785080576,1.71
783,10866415,95.42259380491535,0.2189306346360501,1.71
784,3424105,51.54507406610918,0.2275418110963264,1.71
785,11090395,36.77061424953314,0.2717614396662814,-0.43
786,9711349,14.907219441555764,0.14937202618029466,1.71
787,11465784,34.90567213341097,0.3207260877936908,-0.43
788,2437240,45.91477622527315,0.26457826680480545,0.0
789,2834230,88.18912757555651,0.5155504525222815,0.0
790,9291830,46.73315025128954,0.3508436521194011,1.71
791,3860176,75.81903906900665,0.7264286251630399,0.0
792,4906950,53.23362720757767,0.3129403791768904,1.71
793,9883123,94.48055890697756,0.310171149303446,1.71
794,5024967,46.52162377466927,0.4722842619109416,0.0
795,9540226,26.601435733034762,0.19633652510181496,0.0
796,10155731,35.27253676711355,0.4186988381722886,-0.43
797,11513798,91.66299181977631,0.30067789237148673,1.71
798,8718745,129.35342716001406,0.264106931964764,1.71
799,4269391,38.858972015403225,0.5449570075581371,0.0
800,10136291,34.07305556488169,0.2484953325346665,1.71
801,10991271,76.54250843165106,0.4367209671739497,-0.43
802,5112974,40.46494149294548,0.4076663995041349,-0.43
803,11453627,30.849013067436253,0.2764297160570636,-0.43
804,8284032,39.01269254001871,0.2954216176806897,1.71
805,9713617,155.59793555873154,0.3050037052430293,1.71
806,9706194,26.792773009951677,0.2094632896836217,1.71
807,9705636,33.50326060998498,0.28151578254911364,-0.43
808,5024601,33.20502412941701,0.5153790781586378,0.0
809,9788834,30.80626869036159,0.3627616657939195,-0.43
810,5859492,34.176245975877244,0.268607660654004,-0.43
811,9226335,52.628802228929814,0.5145678757387621,-0.43
812,5774568,112.53475430770098,0.3599256007420201,1.71
813,9583720,56.38850132743259,0.2135720932243796,1.71
814,11072334,77.93117718902214,0.6894811102724264,0.0
815,11598312,47.39875391149071,0.3029273164239292,-0.43
816,2836038,37.51646818075693,0.32518150433490817,-0.43
817,8737032,42.80521420229126,0.2811110311689867,1.71
818,7672969,29.88227705520688,0.23971961151380186,-0.43
819,10857953,32.631286003425664,0.25802255388088946,-0.43
820,3527891,31.255772509396124,0.2623981771029503,1.71
821,6262706,58.875904356877754,0.4211743065997709,1.71
822,11033302,35.945815607339384,0.3254776104593099,-0.43
823,12120230,50.47203311390553,0.2101086136021516,1.71
824,2436209,57.33790560014384,0.3318580491621577,1.71
825,2695267,29.07040442438177,0.2641311007360478,-0.43
826,3937217,27.868198149819182,0.7448843343563422,-0.43
827,10489073,34.61680416326866,0.2732264395515155,-0.43
828,10553844,59.64368308490482,0.35294023871277835,0.0
829,4036007,37.48936584007652,0.251875240927868,-0.43
830,3222220,30.38882464042653,0.23531948378225084,-0.43
831,8872709,38.21017755248596,0.2609100085622109,-0.43
832,11084620,26.09751872528598,0.5391815993738404,-0.43
833,4164910,38.971744459062585,0.3047317179454512,-0.43
834,6928997,122.9614208342438,0.3483356831025263,1.71
835,2437496,4.432422156999813,0.16602708478075784,1.71
836,9521461,56.55957545458522,0.3669172039073722,-0.43
837,5283958,54.13404974457831,0.4161743046741028,-0.43
838,2436759,28.68869330344134,1.272199783085821,0.0
839,11722424,23.37898309591293,0.19614969360174847,1.71
840,3120486,139.4268864335746,0.6398227824764989,1.71
841,7595285,29.18789725933224,0.2701826199729516,-0.43
842,11298776,40.07619085190258,0.2034959044581565,1.71
843,3633057,50.84952383486856,0.28317883157843626,1.71
844,8479182,33.67067213893266,0.2579968257054293,-0.43
845,8805663,49.16792103440119,0.4090694838027343,-0.43
846,9450786,27.34224890647055,0.2905352872381541,-0.43
847,5112938,44.84327312864154,0.3777693461869238,-0.43
848,3631821,57.58187319352187,0.3630532854903112,-0.43
849,4169130,38.07547269964871,0.32061417552812443,-0.43
850,6854391,61.35073417842762,0.3762484026718493,-0.43
851,11704163,46.13911088587854,0.3037377735707403,1.71
852,9392039,36.07402956400104,0.2900675692721566,-0.43
853,9453362,34.58940294141687,0.3422811294978662,-0.43
854,10753962,101.94926809580704,0.5750654099167015,-0.43
855,6849167,34.48699522009615,0.3714724238227631,-0.43
856,11618522,57.26967996392674,0.3906661789268293,-0.43
857,11289822,72.2364203140735,0.36686579224631866,1.71
858,2437589,46.654275074884936,0.3791439228490362,0.0
859,10362043,39.22744179345637,0.3237247692866929,-0.43
860,2140446,57.6188522856395,0.29169005306274914,1.71
861,3443483,134.94799730732205,0.6844328873974926,1.71
862,7430868,53.79242401774336,0.25525636983862104,1.71
863,10992126,7.4996188137129955,0.2564001882114008,1.71
864,8088244,30.279619586386485,0.3603554198607602,-0.43
865,11027005,51.07631999696243,0.3995865131484362,-0.43
866,5287610,61.41579497003504,0.19526097848051185,1.71
867,9968040,43.7368092557866,0.2103884666885884,0.0
868,9727392,39.38580209969764,0.32199296318386283,-0.43
869,10473692,93.49413027534635,0.2470976916097173,1.71
870,6263410,104.94413467763785,0.6020462154678401,-0.43
871,9139859,72.92511334113001,0.26474922037984755,1.71
872,10651578,31.907676144922966,0.4331420625123388,-0.43
873,9353531,29.840485704429398,0.34033964815794193,-0.43
874,10489108,29.41760009193248,0.25335824882011804,-0.43
875,5112950,41.701793013955545,0.4670934728477816,-0.43
876,9335570,36.67748267030212,0.2545477834353893,-0.43
877,4139914,36.135847927879134,0.3405244557473208,-0.43
878,10224100,91.25456856566868,0.4833212762341358,0.0
879,6593240,31.28776587144003,0.2222821914583528,-0.43
880,6678432,56.63578561851809,0.20737382663221687,1.71
881,10592249,37.54513355751421,0.26213002504967503,-0.43
882,2437976,90.3633119750712,0.5098330377231884,0.0
883,2436912,30.39554675319025,0.35082195328248084,0.0
884,11572172,31.31760073055039,0.2334871830953776,-0.43
885,11307599,35.31136529502919,0.31666766275766617,-0.43
886,3432732,81.44905473999594,0.8574613216691054,0.0
887,10153739,99.87396105250905,0.6141978768813339,0.0
888,8564559,44.91706293166317,0.34718621686244616,-0.43
889,6768355,37.1106743065974,0.2807833693606375,-0.43
890,11955410,33.545277336994054,0.2394049169335571,-0.43
891,4991033,49.031984951644105,0.2611001541817757,1.71
892,9456153,33.30858076103357,0.2371895653501126,-0.43
893,9906278,44.692237294610756,0.4760828986052901,-0.43
894,8482522,32.757243624199994,0.3133004764675337,-0.43
895,10213931,43.062364728030396,0.25060088089105365,1.71
896,7346442,48.72558091095896,0.24702424685602625,1.71
897,12118044,64.69482594274446,0.35808070904728223,-0.43
898,11767058,54.674828812474786,0.3392107279990339,-0.43
899,11559818,38.264840784812854,0.4043422245118651,1.71
900,9143868,35.36084781326905,0.2855976953568221,-0.43
901,9847893,22.78718368422417,0.32131380833279605,0.0
902,9713083,41.24541166125807,0.2867914142294493,-0.43
903,11508970,33.94490690501901,0.3025866775198832,-0.43
904,7108501,50.475413434944755,0.3607407051340415,-0.43
905,7744204,52.648252507344395,0.5151183434377371,-0.43
906,11188067,36.69414813286368,0.3241786159191616,-0.43
907,11517524,103.62394862720826,0.5029608493417989,1.71
908,9958567,24.67380922887501,0.2713343734428863,-0.43
909,4469602,32.42377388038622,0.323007387365949,1.71
910,9589638,40.10221564172723,0.25149329301758416,1.71
911,8955683,47.39539469831704,0.530812944517707,1.71
912,12116393,62.26442611442536,0.24131117115517065,1.71
913,2438140,71.80795678390672,0.4367394161584263,0.0
914,8475025,113.12332290855942,0.22794728447525545,1.71
915,2437402,45.688718924791814,0.29853441291724225,0.0
916,11245307,34.46261018756186,0.2964843658578371,1.71
917,5112744,44.786468385470066,0.2887154578319653,1.71
918,7020371,15.29300621472943,0.14563091675036274,1.71
919,4143460,40.15850938532757,0.2937912241579639,-0.43
920,12008916,161.57506114735074,0.3170496174584241,0.0
921,9820702,61.496530060138475,0.3057461723432232,1.71
922,3747860,36.13136304846765,0.2539676140401762,1.71
923,9904563,38.073943300950866,0.5408761612417384,-0.43
924,10157507,68.13223418221637,0.2418639253220909,1.71
925,9700899,33.01255074596046,0.2924742970524384,-0.43
926,4937576,32.87407493298497,0.3251506001507323,1.71
927,7808227,32.229812730225184,0.24621219803619554,-0.43
928,11231549,30.18123317797267,0.23546789838356005,1.71
929,10286616,32.71538868506812,0.4036827666399106,-0.43
930,5288716,35.33506098813134,0.24736671054559586,-0.43
931,4378473,22.97391717112945,0.2366366493107752,1.71
932,11721438,109.84779210660456,0.6159679580398388,-0.43
933,9535050,45.28950036255855,0.504480741937684,0.0
934,10132247,63.494666795003106,0.2524623633274544,1.71
935,11410217,228.6635411622915,0.6010046853466237,1.71
936,9763419,33.19965753692747,0.3605639440157074,-0.43
937,5514974,32.66295402076769,0.3665451636409978,-0.43
938,8081535,42.06204094628832,0.3057252349105657,-0.43
939,8802374,31.46531137670789,0.2318811207317989,1.71
940,10918731,45.95370506137937,0.3323771089041301,-0.43
941,9004448,26.938803144467613,0.3272508402772801,-0.43
942,10467570,32.943770867455804,0.3463216862116074,-0.43
943,2437103,28.79573983914875,0.2771426966129712,0.0
944,6501676,43.054977752546854,0.2951998968862674,1.71
945,12067001,43.10303590466474,0.4535242369554779,-0.43
946,10206307,31.822836768051285,0.30575083528766883,-0.43
947,9333501,26.91741402430791,0.2578110191106237,1.71
948,3942203,34.97298233959791,0.2590291863879476,-0.43
949,10749112,47.72266191267821,0.260492341843476,0.0
950,10394570,33.5924158240731,0.35174820604842594,-0.43
951,11754056,33.81054695913498,0.31903908163749056,-0.43
952,9517542,20.596363695280683,0.19314612793405853,1.71
953,7025721,36.53351282988374,0.29934348374378594,-0.43
954,4764420,39.45167546329632,0.31992197351780643,-0.43
955,6593623,37.57345352494641,0.2334535052180892,1.71
956,11244968,23.84887755984953,0.2283267966248713,1.71
957,11293804,34.23659682967155,0.2449818165887385,1.71
958,4241369,60.53994787782187,0.37673267672524496,-0.43
959,3529597,51.499259991917,0.31029556010833176,-0.43
960,9100444,51.937323048238795,0.3911945930512899,-0.43
961,11599342,131.47620662083338,0.5542328344733796,1.71
962,11971940,47.41849968040915,0.4076395587134756,1.71
963,2424822,94.79616843773836,0.367443136037348,0.0
964,10200377,143.35884190788425,0.28442613118013205,1.71
965,10983401,93.92969291238754,0.3005593209230022,-0.43
966,11146230,31.63308899172646,0.3543517724340447,-0.43
967,5024327,45.02466067835449,0.3996888135381647,0.0
968,5111940,52.723494542800246,0.4033068190798345,0.0
969,4570555,192.62094158273902,0.4341566833064048,0.0
970,2283075,68.97954069874129,0.4160873412520679,1.71
971,9662343,43.34234781510949,0.3494651136602754,-0.43
972,2436332,28.641039096614165,0.18660480386781045,0.0
973,2696732,91.58484290390335,0.27339302761345297,1.71
974,10554179,30.34742718453282,0.2125343341362156,-0.43
975,2570094,67.8109364104161,0.3141084038154194,0.0
976,4638317,27.954568699188147,0.23994377801146385,1.71
977,5167473,31.30559277949907,0.28642625623912066,-0.43
978,10723388,30.683172768867067,0.3644373919254204,-0.43
979,4039306,33.517291909825744,0.2565835683008313,-0.43
980,11568605,49.490068226360165,0.32580613140587944,1.71
981,4937257,34.845212290025856,0.3838913806966131,-0.43
982,9835626,55.52602210478084,0.3161265970569834,1.71
983,9518506,50.29442232691071,0.3345295938662572,-0.43
984,9825039,103.35830728134712,0.34489141980094296,-0.43
985,10859941,30.166148263597197,0.3683281949211389,-0.43
986,6587245,24.21316592006814,0.2552609060642057,1.71
987,2437972,85.09626597444209,0.3780285879530819,0.0
988,8415501,31.70868222513516,0.2489840487018717,1.71
989,2569935,5.361623319439677,0.1393964384614923,0.0
990,9080175,48.50862974651679,0.1725995745203232,1.71
991,5023931,51.27507375223243,0.6574940199568065,0.0
992,8607581,35.865873157327684,0.3095688966573475,-0.43
993,9724324,41.650213325076656,0.2798958953167689,-0.43
994,10721900,35.8913278325855,0.3752479957058473,-0.43
995,7190047,29.98323417055581,0.4084577997918034,-0.43
996,8962844,41.534077860596405,0.2980476121331272,-0.43
997,11970987,43.914821930702864,0.4044114284250421,-0.43
998,3425476,39.937612577172416,0.3628570172943962,-0.43
999,7100768,25.49269308173105,0.2754940525807578,-0.43
1000,9970830,51.541003562977075,0.35312626804388353,-0.43
1001,9406638,38.388763544212864,0.4563441859676364,-0.43
1002,11968334,141.31206502799537,0.2788927004040769,1.71
1003,4448636,33.54912823920567,0.31700393850166697,-0.43
1004,12316494,30.94876171909107,0.2913621834984887,-0.43
1005,11612603,86.36811480809195,0.2479106465229209,1.71
1006,9967700,108.46764330947836,0.2834337581682134,1.71
1007,11204531,41.218360813497064,0.25816998240292066,1.71
1008,9718024,34.026035361705105,0.2460948296285953,-0.43
1009,11495120,63.0033171299865,0.4008947535478891,0.0
1010,11044315,60.77921749189276,0.2987213243092196,-0.43
1011,10328498,43.054494672212236,0.2942022195574157,1.71
1012,4548564,57.268048253276355,0.2511600392826805,1.71
1013,11135910,29.69619138900823,0.1918503045320236,1.71
1014,6104786,169.20416295383782,0.2856011115575329,1.71
1015,9222389,31.574068466664485,0.2690544094979837,1.71
1016,11775398,32.17608923929132,0.3326300847820587,-0.43
1017,12017985,17.79202940722849,0.1447678669044202,1.71
1018,3758458,69.67137235079414,0.4362972339162132,-0.43
1019,9350031,53.642777788871356,0.19174754631227447,1.71
1020,10684837,86.35692358961991,0.4534370782204276,-0.43
1021,11668246,40.495311902539626,0.4326696237420588,0.0
1022,10003419,35.935681558448685,0.2624808590274591,-0.43
1023,11247049,34.235029993172766,0.2988425692616413,-0.43
1024,9329200,75.64000760367853,0.30526106000109143,1.71
1025,11298714,63.10299368688498,0.27930343743815245,1.71
1026,9333290,24.35572447651104,0.2181663345321335,1.71
1027,4570120,89.1011504054366,0.5121869370207723,-0.43
1028,3529480,42.9981877473336,0.2831887062770966,-0.43
1029,9882446,49.74110384310112,0.31349442601607724,1.71
1030,11358669,98.16834470287813,0.27053600925355,1.71
1031,11703230,32.659609042402785,0.3146180991853532,-0.43
1032,11702195,52.26050509380044,0.2815397996717921,1.71
1033,10592924,52.03020627570464,0.2884056353303854,1.71
1034,8154541,39.248598230483154,0.382691832607152,-0.43
1035,12070650,39.41939251758447,0.2820097666202119,0.0
1036,10799530,37.06141499547112,0.2773405587199968,-0.43
1037,11199105,31.02972633512843,0.2257173281556857,-0.43
1038,9405269,37.245220263754064,0.3680353233064181,-0.43
1039,5024240,156.53310117448058,1.9686502713431224,0.0
1040,10599712,37.26330259392925,0.2733397022097188,-0.43
1041,2436593,48.71018037981533,0.13714126276797892,0.0
1042,9970467,45.615348962356215,0.29103478033478863,0.0
1043,11083319,44.35682548892992,0.5281626340622054,0.0
1044,3429738,56.129198067593,0.19408167776964416,1.71
1045,3656231,37.898573073719355,0.344345824434599,-0.43
1046,10086465,40.32909556312004,0.4298697387581449,-0.43
1047,8826079,32.38485859880744,0.27028754056637433,-0.43
1048,5024312,96.98330801615916,0.6113825713871874,0.0
1049,9945290,37.94222429005952,0.2902849364589279,-0.43
1050,5112786,7.816120126114442,0.08903879148090073,1.71
1051,2297384,31.262212956464854,0.20338729170934425,0.0
1052,5112730,44.19230204146493,0.3606427773885045,-0.43
1053,12115227,98.35808212233609,0.2216014280502397,1.71
1054,6191288,25.19913666344873,0.21382424040426445,1.71
1055,10880958,32.800466723205616,0.3187874899710761,-0.43
1056,5339823,40.58041937554423,0.5076271612163602,0.0
1057,5772710,32.992025679438854,0.4402297451271366,-0.43
1058,9833073,31.922602696660682,0.2369186394162419,1.71
1059,3455760,48.69628026302329,0.2658676638499925,1.71
1060,9291976,31.004369755688053,0.3512057377872929,-0.43
1061,3531478,241.3238152883761,0.9284326057549492,1.71
1062,11133969,27.35617630320775,0.31234411480431273,-0.43
1063,10728179,36.9258372742286,0.2347774548455328,-0.43
1064,4279700,31.191802870288054,0.2742184642276692,1.71
1065,9469165,28.316766785283953,0.3066130777174808,0.0
1066,11564307,35.15378317454127,0.3183208661613505,-0.43
1067,10005966,30.995951117602097,0.3647124955329787,-0.43
1068,9220076,33.745550864621876,0.3072723511363432,-0.43
1069,4995788,170.84392549034663,0.3070816342912892,1.71
1070,9783226,53.47124809472866,0.3019658312696996,1.71
1071,5940060,52.433123675163344,0.2982379787124234,1.71
1072,11342694,75.32000136235487,0.2285791634912589,1.71
1073,9966823,33.057480648322496,0.26377171593644205,-0.43
1074,12117099,27.80491179976232,0.4351329555086417,-0.43
1075,3869326,46.62721357163695,0.4574208732414853,-0.43
1076,8827934,56.77286930645816,0.5414431902500271,0.0
1077,10483504,103.98075605055536,0.5399954867193931,0.0
1078,7346365,52.03091140250581,0.28974219338757085,1.71
1079,10604460,29.99033037756472,0.3198114743615081,-0.43
1080,11498298,42.19200701544743,0.30487203766925874,-0.43
1081,11509792,20.1661513104072,0.2558902414319344,0.0
1082,10859779,81.78235536085539,0.30154557989785424,1.71
1083,2424934,33.58390971072848,0.2227041073958128,-0.43
1084,4243803,16.065141056799632,0.25605915872586793,1.71
1085,11559478,36.913057434276055,0.28658567195025497,-0.43
1086,6271732,31.69114052884791,0.26745848468025946,-0.43
1087,11152823,42.522938571056244,0.6738864359154207,0.0
1088,10545152,32.79725538022537,0.3022029910209562,-0.43
1089,2436540,57.421958744325025,0.3238563524798875,0.0
1090,3645232,8.118601654786149,0.07534801745642665,1.71
1091,9968249,90.99111751626448,0.5035907068280274,0.0
1092,11623012,34.610860796458546,0.3529636314905235,-0.43
1093,11043831,37.095963363889496,0.3056940133664716,0.0
1094,3339894,29.83131177093202,0.7552285676117858,1.71
1095,11550567,37.223317911034776,0.25553562888987313,0.0
1096,5512777,30.28243583142653,0.645193264085552,0.0
1097,3532734,150.9183972238185,0.4586797123220444,1.71
1098,10793872,183.45613404730784,0.2401287803883909,1.71
1099,10683647,36.067267158014715,0.3028178658465867,-0.43
1100,4662939,64.60118626733647,0.4925192806302746,-0.43
1101,3934458,36.36642975213043,0.305960770803098,-0.43
1102,9471284,40.793950431677935,0.2894912057548405,-0.43
1103,10532751,103.15399255343678,0.4519768794320254,-0.43
1104,11191444,26.732350517275986,0.2297627525000319,1.71
1105,12367827,38.66032519834785,0.3957957478013291,-0.43
1106,11667928,30.091663032676202,0.30078267852482043,-0.43
1107,11521352,107.0560735232766,0.3706421780827393,0.0
1108,11453905,16.74577562733426,0.13737573130919978,1.71
1109,5514079,87.97596283232069,0.2605999818956566,1.71
1110,8826496,43.7201656688268,0.4156239003167984,-0.43
1111,9835436,23.709330298590444,0.4052650066608398,1.71
1112,9706209,30.409466129418195,0.2838657447415196,0.0
1113,4659706,36.69410132484667,0.4005419576263592,1.71
1114,12168406,45.27081351267708,0.2532034360765353,1.71
1115,11179815,35.71275792556222,0.3435298835767984,0.0
1116,11821439,48.504907615757176,0.27901676825512217,1.71
1117,7430415,19.362773053075205,0.191636955507354,0.0
1118,11129480,42.88768002831768,0.4029011869382213,-0.43
1119,11499428,33.17377886185317,0.26097620428483986,0.0
1120,12169845,30.95460937871828,0.21143721645335767,1.71
1121,5112387,45.13561754797962,0.38018676660283707,-0.43
1122,11294218,18.89609848656218,0.15078874880595158,1.71
1123,10934758,46.90004174714738,0.2421535798288345,-0.43
1124,2444348,30.39639782868691,0.25987783020019706,1.71
1125,2437488,64.87282713802225,0.4091863889320643,0.0
1126,2437340,8.57488605189998,0.1006385151022298,1.71
1127,11920678,37.30657285944503,0.295605257365788,1.71
1128,7668782,13.906118561654177,0.09834102814625777,-0.43
1129,9229601,45.56291280013463,0.2807537817073882,-0.43
1130,9029603,146.06856525590868,0.6102744624101064,1.71
1131,8693004,34.715697583892776,0.27000383944306106,1.71
1132,12366537,47.51353177237814,0.27801793023536703,1.71
1133,2437805,32.57906011467048,0.32774738153049354,0.0
1134,4937011,28.351507306543226,0.5078568115829295,0.0
1135,8674581,27.974297061385666,0.3207848842171013,-0.43
1136,2437394,160.99627999704867,2.332644979165864,0.0
1137,11410549,36.42432757597573,0.3617820668492245,-0.43
1138,10525282,35.25575042638204,0.2575105590783949,-0.43
1139,6425301,60.314445957543676,0.32523888554766633,1.71
1140,10267242,26.43632964848372,0.2334168578619044,0.0
1141,10921258,24.99803704084241,0.2750951107993821,1.71
1142,11043832,60.40262061605504,0.3926350919351956,0.0
1143,5112373,44.47061640604621,0.3305961613727968,-0.43
1144,11971123,32.05188462814234,0.2907879552683929,0.0
1145,4271039,47.35301602369484,0.2724952429742846,1.71
1146,9650527,55.3058433692901,0.32950202496440834,-0.43
1147,10357764,41.832200212064116,0.34164290502830835,-0.43
1148,2437564,31.94493170620507,0.25746745449993863,-0.43
1149,9711231,47.70694341188477,0.20339430036973769,1.71
1150,8761471,38.297051642797655,0.3620714039868901,-0.43
1151,3120585,105.33393335351404,0.6246965044512915,0.0
1152,9716522,53.96794977644528,0.3047800404989209,-0.43
1153,10977629,24.566556952644,0.18091995204466005,-0.43
1154,3748691,39.022292155764376,0.2842962661784066,-0.43
1155,11075908,37.40751339854085,0.2644264792146693,-0.43
1156,9328135,56.04310291596678,0.2878816635166139,0.0
1157,6764229,59.482752206856155,0.2415523589559367,1.71
1158,3216467,31.61993995920368,0.39603854101923225,-0.43
1159,11190768,230.38708342179717,0.27718640907391523,1.71
1160,9641246,35.70150236207239,0.2507680960333554,-0.43
1161,9604524,46.13934039641533,0.3331510609589933,-0.43
1162,10199187,17.543646989920894,0.1353980481933423,1.71
1163,11669113,24.10631960161837,0.1967342109898413,1.71
1164,2437325,94.38505829428287,0.4466617868960826,0.0
1165,12120327,34.1777645997126,0.2587331936473686,-0.43
1166,2697082,31.33145112184011,0.3680289062483773,-0.43
1167,4930906,32.07772504230409,0.32762283818305743,-0.43
1168,10743092,17.918773721505662,0.1910716760270937,1.71
1169,5288607,61.29279230417047,0.4458334791125813,-0.43
1170,2437965,7.169117652860013,0.15933347573719125,1.71
1171,2436944,31.47876194556324,0.4528600223210762,0.0
1172,1864855,127.74795810451964,0.4337433277353176,1.71
1173,8350443,31.674939472798638,0.260907672116253,-0.43
1174,11341723,28.083767580891625,0.3855080793819722,-0.43
1175,10090400,31.969690876457356,0.3949755517382451,-0.43
1176,12470054,161.2904121158375,0.3045763419878834,1.71
1177,4275625,32.154199676624735,0.2410425472298489,-0.43
1178,9635388,38.91756361578531,0.32762688005648594,-0.43
1179,5599763,31.465036764396125,0.2428687531965355,-0.43
1180,10220795,46.775994560478104,0.28365551157285024,-0.43
1181,10722175,113.68569285392573,0.2941349433603944,1.71
1182,8957543,37.95877207168767,0.5699014803049114,-0.43
1183,5426041,51.45179502194245,0.2819633687374306,1.71
1184,2436814,25.3602681423995,0.2345740692267069,0.0
1185,9529974,32.97883687774234,0.25865709903584,-0.43
1186,10161943,60.63763472255396,0.25017807118619656,1.71
1187,12216750,95.69404410689732,0.22027543121437487,1.71
1188,1435573,26.17019410654648,0.2599657742573321,-0.43
1189,9903915,67.82344979488396,0.43277190139538574,-0.43
1190,5860093,50.168566254695406,0.2612242314790217,1.71
1191,11074543,58.15575792455416,0.2833670785683727,1.71
1192,11804677,20.17944679278486,0.2877495341954763,1.71
1193,10066568,28.52541708992289,0.2573671233350308,-0.43
1194,11298561,36.93218353854097,0.23452236914546384,-0.43
1195,10847321,69.2904535542757,0.25743350286198063,1.71
1196,3747777,43.93633952953871,0.2792364134459768,1.71
1197,11197457,39.95313541094695,0.3814179102181991,-0.43
1198,10090853,37.30028402208281,0.27489794402501155,0.0
1199,10848618,32.28986184042442,0.3480093367808902,-0.43
1200,11514322,60.86694574662651,0.23214575232101944,1.71
1201,5023953,48.64603793868669,0.3051992071785512,-0.43
1202,10196240,34.43236866163301,0.525426942670063,-0.43
1203,8671819,29.91257778010117,0.2622795643569127,-0.43
1204,2436688,76.77790602344216,0.4711970391478336,1.71
1205,2437698,29.87817905379852,0.4192813449872709,0.0
1206,9946773,28.75463581924789,0.21703737120243413,-0.43
1207,11018710,53.58961808447606,0.2211638494708013,1.71
1208,11668036,41.8381730441118,0.3032512802600102,-0.43
1209,10602976,35.308968625218036,0.4220107898454454,-0.43
1210,11349014,29.42740537646296,0.2833422152649206,-0.43
1211,2988988,37.880547017916534,0.3803646075359655,-0.43
